age_in_days,maintain_age_in_days,num_of_users,maintainer_count,maintainer_is_new,has_readme,version_count,has_repository,label
2825,101,0,8,0,0,540,1,0
3188,9,1,2,0,1,950,1,0
3207,9,2,2,0,1,972,1,0
3326,10,10,2,0,0,973,1,0
3195,11,6,2,0,1,663,1,0
3629,10,13,2,0,0,1030,1,0
3624,10,8,2,0,0,1022,1,0
3629,10,9,2,0,0,1031,1,0
3629,10,44,2,0,0,1031,1,0
3581,10,11,2,0,0,1021,1,0
3629,1393,10,2,0,1,252,1,0
3482,11,27,2,0,1,687,1,0
3629,10,9,2,0,0,1030,1,0
3629,10,7,2,0,0,1030,1,0
3629,10,5,2,0,0,1030,1,0
3802,10,17,2,0,0,1045,1,0
3079,20,3,4,0,0,147,1,0
3079,20,6,4,0,0,222,1,0
2873,19,1,4,0,0,243,1,0
3079,947,2,4,0,0,65,1,0
3079,20,1,4,0,0,142,1,0
3047,20,0,4,0,0,88,1,0
3047,947,0,4,0,0,53,1,0
3079,947,2,4,0,0,86,1,0
3079,1393,0,4,0,1,38,1,0
3079,20,3,4,0,0,163,1,0
3079,1393,1,4,0,0,48,1,0
3079,19,10,4,0,0,203,1,0
3079,20,6,4,0,0,101,1,0
3079,20,1,4,0,0,109,1,0
3079,20,3,4,0,0,111,1,0
2801,19,1,4,0,0,172,1,0
3079,19,2,4,0,0,198,1,0
3079,20,1,4,0,0,213,1,0
3079,20,2,4,0,0,202,1,0
2977,1237,0,4,0,0,85,1,0
2977,283,1,4,0,1,105,1,0
2946,54,0,8,0,1,84,1,0
2946,54,1,8,0,1,84,1,0
3133,16,6,8,0,1,62,1,0
3302,25,0,8,0,1,433,1,0
2884,203,2,1,0,1,162,1,0
2920,203,1,1,0,1,56,1,0
2973,957,0,3,0,1,109,1,0
2973,957,0,3,0,1,131,1,0
2973,7,0,2,0,1,195,1,0
3000,156,4,1,0,1,302,1,0
3334,1392,0,3,0,0,29,1,0
3715,545,5,10,0,1,50,1,0
2854,964,1,1,0,1,50,1,0
2633,7,3,2,0,0,4510,1,0
2633,7,2,2,0,0,4593,1,0
3610,245,2,1,0,1,80,1,0
3610,245,0,1,0,1,20,1,0
3610,125,7,1,0,1,57,1,0
3610,245,1,1,0,1,76,1,0
3610,74,4,1,0,1,194,1,0
3610,245,1,1,0,1,210,1,0
3660,41,7,1,0,1,160,1,0
3610,41,5,1,0,1,222,1,0
3610,245,4,1,0,1,67,1,0
3610,24,25,1,0,1,2315,1,0
3610,144,4,1,0,1,182,1,0
3610,53,9,1,0,0,695,1,0
3610,245,2,1,0,1,60,1,0
3610,201,1,1,0,1,60,0,0
4482,326,22,4,0,0,37,1,0
4941,45,35,3,0,1,138,1,0
5155,583,49,1,0,1,40,1,0
3963,44,105,2,0,0,357,1,0
4670,8,62,2,0,0,40,1,0
4433,1392,21,1,0,0,104,1,0
5121,164,232,1,0,0,144,1,0
3779,1003,4,2,0,1,29,1,0
3887,60,10,1,0,1,28,1,0
3939,12,60,7,0,1,923,1,0
3159,1455,0,4,0,1,149,1,0
3656,1392,14,8,0,1,309,1,0
3176,1392,1,1,0,1,53,1,0
3201,1392,0,3,0,1,48,1,0
4259,1328,18,1,0,1,16,1,0
4926,756,78,1,0,1,83,1,0
5072,897,22,1,0,1,30,1,0
4066,1031,9,1,0,1,5,1,0
5033,130,16,9,0,1,8,1,0
5393,478,73,6,0,0,16,1,0
4044,1388,11,2,0,1,86,1,0
5586,516,1201,5,0,1,93,1,0
5322,1097,7,1,0,1,11,1,0
4744,39,209,1,0,1,251,1,0
4061,1392,20,1,0,0,185,1,0
4869,45,207,2,0,1,1966,1,0
4236,9,595,4,0,1,130,1,0
3811,699,90,3,0,1,75,1,0
4067,699,148,3,0,1,257,1,0
4055,402,75,6,0,1,135,1,0
3811,1392,4,3,0,1,94,1,0
3555,1392,0,1,0,0,6,1,0
4067,26,6,5,0,0,299,1,0
4067,27,120,4,0,0,84,1,0
3799,938,47,3,0,1,23,1,0
3432,513,2,7,0,1,12,1,0
3490,983,16,5,0,1,40,1,0
3895,938,33,2,0,1,44,1,0
3521,20,19,1,0,1,29,1,0
2979,414,0,5,0,0,43,1,0
3450,1392,11,3,0,1,17,1,0
3811,989,1,3,0,1,33,1,0
3811,1392,8,3,0,1,41,1,0
3811,1392,13,3,0,1,48,1,0
3776,989,25,2,0,1,10,1,0
3811,1392,10,3,0,0,59,1,0
3811,989,16,3,0,1,39,1,0
3811,1239,9,3,0,1,41,1,0
3751,1392,16,2,0,1,43,1,0
3811,1022,2,3,0,1,53,1,0
3811,989,31,3,0,1,41,1,0
3811,989,55,3,0,1,42,1,0
3503,989,70,3,0,1,56,1,0
3811,989,83,3,0,1,44,1,0
3483,414,10,5,0,1,84,1,0
3811,989,69,3,0,1,37,1,0
3809,1392,26,3,0,1,31,1,0
3809,1392,10,3,0,1,32,1,0
3809,503,14,3,0,1,35,1,0
3809,1392,10,3,0,1,33,1,0
3798,989,38,3,0,1,50,1,0
4067,989,23,3,0,1,191,1,0
3811,989,6,3,0,1,46,1,0
3811,1392,5,3,0,1,78,1,0
3811,989,4,3,0,1,75,1,0
4768,454,179,3,0,1,165,1,0
4067,402,76,2,0,1,26,1,0
3922,1022,22,5,0,0,132,1,0
5392,369,105,4,0,1,32,1,0
4345,733,18,1,0,1,2,1,0
5244,988,22,2,0,1,23,1,0
4509,326,42,6,0,1,9,1,0
4948,1051,109,2,0,1,3,1,0
5522,8,331,5,0,1,55,1,0
4722,154,169,1,0,1,30,1,0
4043,55,1,1,0,1,50,1,0
4877,40,36,1,0,1,61,1,0
5180,999,25,1,0,1,19,1,0
4409,282,5,3,0,1,22,1,0
3057,905,2,6,0,1,240,1,0
4677,122,64,2,0,1,75,1,0
4816,530,122,1,0,1,78,1,0
4576,428,592,1,0,1,223,1,0
4362,45,10,4,0,1,124,1,0
4472,88,605,3,0,1,81,1,0
4830,829,117,4,0,0,69,1,0
5334,153,308,3,0,1,68,1,0
4960,281,576,2,0,0,99,0,0
3758,608,10,1,0,1,41,1,0
4784,998,28,39,0,1,33,1,0
4195,54,1,4,0,1,49,1,0
4387,1392,1,4,0,1,27,1,0
4557,368,427,1,0,1,301,1,0
5540,8,918,40,0,1,485,1,0
4129,123,24,1,0,1,209,1,0
4501,282,7,7,0,1,15,1,0
5471,52,23,2,0,1,181,1,0
5322,1097,10,1,0,1,6,1,0
4440,988,30,1,0,1,96,1,0
4084,108,5,3,0,1,26,1,0
3720,351,22,1,0,1,65,1,0
5175,281,200,1,0,0,112,1,0
4696,1386,84,1,0,1,41,1,0
4785,1392,7,1,0,1,68,1,0
5046,998,27,2,0,1,18,1,0
4540,146,29,1,0,1,27,1,0
5586,14,120,8,0,1,157,1,0
3684,1392,6,1,0,0,14,1,0
5120,208,60,2,0,1,34,1,0
5233,82,313,1,0,1,110,1,0
4628,157,947,1,0,0,43,1,0
4669,322,77,1,0,1,66,1,0
4738,530,37,1,0,1,45,1,0
4288,174,63,5,0,1,108,1,0
5293,43,620,2,0,1,74,1,0
4623,1207,16,5,0,0,19,1,0
3511,1392,9,1,0,1,1,0,0
5092,130,177,1,0,1,109,1,0
4169,478,229,2,0,1,30,1,0
5515,857,89,2,0,1,211,1,0
4017,1392,40,1,0,1,28,1,0
4998,1044,20,1,0,1,3,1,0
5382,766,58,1,0,1,26,1,0
4525,517,26,1,0,1,14,1,0
5570,250,81,4,0,1,15,1,0
4124,1392,22,1,0,1,12,1,0
3142,83,0,5,0,1,167,1,0
5573,998,70,1,0,1,59,1,0
5161,959,64,3,0,1,47,1,0
3409,40,10,1,0,1,29,1,0
5328,998,68,1,0,1,38,1,0
4382,1392,41,2,0,1,11,1,0
4643,998,15,2,0,1,1,0,0
4686,1124,233,3,0,0,34,1,0
4955,57,52,1,0,0,155,1,0
5581,952,326,4,0,1,45,1,0
5400,142,53,1,0,1,51,1,0
5500,208,454,1,0,0,26,1,0
4495,1089,24,1,0,1,23,1,0
4214,1392,6,1,0,1,16,1,0
4331,13,48,1,1,1,76,1,0
3934,34,5,1,0,1,52,1,0
5347,43,1014,2,0,0,123,1,0
3817,1392,31,2,0,1,26,1,0
4436,870,8,1,0,1,7,1,0
4476,8,204,3,0,1,39,1,0
4993,998,100,3,0,1,37,1,0
5571,35,224,3,0,0,129,1,0
4891,71,37,1,0,1,37,1,0
5132,629,89,1,0,1,2,1,0
4705,1378,20,1,0,1,13,1,0
5507,125,102,2,0,1,69,1,0
5584,295,112,3,0,1,78,1,0
5577,880,247,1,0,1,234,1,0
5250,530,96,4,0,1,30,1,0
4562,326,14,3,0,1,7,1,0
4771,1001,5,2,0,1,36,1,0
4432,544,235,3,0,1,18,1,0
5059,130,70,3,0,1,33,1,0
3813,19,51,7,0,1,83,1,0
4644,14,71,1,0,0,288,1,0
4812,73,277,3,0,1,35,1,0
3797,34,15,2,0,1,57,1,0
4769,1031,35,2,0,1,71,1,0
5585,1160,10,1,0,1,30,1,0
4099,1092,3,5,0,1,8,1,0
3384,955,10,2,0,1,19,1,0
5475,117,197,3,0,1,95,1,0
3838,188,301,1,0,1,50,1,0
3116,470,7,1,0,0,51,1,0
4297,503,50,1,0,0,58,1,0
4715,174,150,1,0,1,20,1,0
5470,1391,63,1,0,1,4,1,0
5111,48,100,3,0,1,154,1,0
5008,913,31,11,0,1,27,1,0
4009,30,52,8,0,1,152,1,0
4545,16,33,1,0,1,146,1,0
5553,16,126,1,0,1,104,1,0
4953,1167,47,1,0,1,32,1,0
3770,1041,3,2,0,1,61,1,0
4389,1089,6,2,0,1,60,1,0
3967,1391,4,2,0,1,58,1,0
3798,1089,3,2,0,1,42,1,0
5344,323,154,2,0,1,273,1,0
3785,1391,3,2,0,1,68,0,0
4199,245,56,1,0,1,204,1,0
5502,103,95,6,0,1,42,1,0
2917,24,13,1,0,1,133,1,0
4389,143,26,1,0,1,40,1,0
4610,154,16,1,0,1,12,1,0
5241,204,702,2,0,1,77,1,0
4089,229,9,1,0,1,15,1,0
4608,1128,21,2,0,1,41,1,0
3856,1390,11,1,0,1,3,1,0
4887,86,46,1,0,1,22,1,0
5167,699,35,1,0,1,22,1,0
5119,999,18,1,0,1,21,1,0
5178,1115,28,1,0,1,46,1,0
4306,199,277,1,0,1,29,1,0
4312,1390,24,1,0,1,17,1,0
3964,481,9,3,0,1,33,1,0
5486,13,78,2,0,0,55,1,0
3891,7,83,3,0,0,2045,1,0
4599,16,46,1,0,1,98,1,0
4033,289,10,3,0,0,36,1,0
5528,675,18,2,0,0,25,1,0
3727,215,5,1,0,1,28,1,0
4657,52,453,4,0,1,101,1,0
3735,945,29,1,0,1,17,1,0
4608,174,98,3,0,1,70,1,0
3697,1389,20,4,0,1,32,1,0
3924,249,18,9,0,1,114,1,0
5529,30,297,1,0,1,77,1,0
4492,174,120,5,0,1,128,1,0
5069,9,154,2,0,0,1662,1,0
4086,1389,5,1,0,1,41,1,0
3580,955,25,11,0,1,164,1,0
4365,508,14,1,0,1,86,1,0
4066,62,4,3,0,1,155,1,0
4186,131,1,7,0,1,113,1,0
3727,1237,9,5,0,0,144,1,0
4680,1244,33,4,0,1,19,1,0
3123,641,2,2,0,1,43,1,0
3773,1388,69,3,0,1,54,1,0
4416,111,60,6,0,1,24,1,0
4026,1388,4,1,0,1,15,1,0
4493,629,90,2,0,1,34,1,0
4373,1388,25,1,0,1,17,1,0
5215,1109,18,2,0,1,90,1,0
4975,871,38,1,0,1,5,1,0
4303,1076,37,1,0,1,10,1,0
5146,1011,20,2,0,1,60,1,0
3638,513,58,6,0,1,45,1,0
3971,513,188,6,0,1,61,1,0
3353,258,11,3,0,0,85,1,0
3483,415,11,5,0,0,85,1,0
3980,1031,32,11,0,1,83,1,0
4139,1388,27,1,0,1,50,1,0
3943,402,15,6,0,1,22,1,0
3930,70,17,1,0,1,185,1,0
4035,289,50,3,0,1,132,1,0
3437,12,13,9,0,1,370,1,0
3687,526,23,4,0,1,84,1,0
3786,1097,18,1,0,1,60,1,0
3356,81,8,6,0,1,58,1,0
3726,30,24,2,0,1,49,1,0
2719,8,3,1,1,0,2606,1,0
4128,367,96,2,0,1,216,1,0
3909,996,11,12,0,1,22,1,0
3668,50,16,5,0,1,188,1,0
4658,16,341,2,0,1,415,1,0
3960,1124,4,1,0,1,140,1,0
5245,1071,73,1,0,1,46,1,0
4926,1018,11,3,0,1,34,1,0
4340,326,20,3,0,1,14,1,0
3953,1133,5,5,0,1,58,1,0
4085,1133,4,5,0,1,84,1,0
5340,1244,101,1,0,0,84,1,0
5422,1301,48,2,0,1,62,1,0
4575,76,40,3,0,1,38,1,0
5462,998,59,3,0,1,17,1,0
3773,127,47,2,0,1,64,1,0
5451,1387,3,1,0,0,6,1,0
4431,73,376,2,0,1,67,1,0
5576,8,2645,5,0,0,287,1,0
4199,998,2,2,0,1,13,1,0
5440,998,53,2,0,0,13,1,0
4450,938,104,8,0,0,56,1,0
4188,1128,15,2,0,1,24,1,0
4515,530,269,1,0,0,29,1,0
3862,730,14,1,0,1,8,1,0
3385,455,5,1,0,1,44,1,0
4940,382,38,3,0,1,28,1,0
3950,1039,17,8,0,1,58,1,0
4486,27,75,1,0,1,44,1,0
4287,762,14,1,0,1,25,1,0
5081,1090,64,6,0,1,52,1,0
3602,504,30,2,0,1,18,1,0
4364,10,62,1,1,1,168,1,0
5080,8,31,1,1,1,140,1,0
4321,125,19,3,0,1,35,1,0
3869,201,14,1,0,1,16,1,0
4903,730,11,3,0,1,16,1,0
4281,38,24,4,0,1,149,1,0
5156,11,130,4,0,0,4181,1,0
4930,929,46,3,0,1,28,1,0
5472,318,74,5,0,1,54,1,0
5328,1082,71,1,0,1,18,1,0
4888,248,9,2,0,1,70,1,0
4660,1043,183,1,0,1,10,1,0
2722,1434,0,1,0,1,2,1,0
3257,367,3,1,0,1,224,1,0
5438,139,62,6,0,1,50,1,0
5556,20,240,3,0,0,90,0,0
5047,326,14,4,0,0,14,1,0
3509,24,20,3,0,0,19,1,0
5032,998,28,1,0,1,37,1,0
5254,33,427,3,0,1,101,1,0
4700,1089,28,1,0,1,14,1,0
4325,1000,14,1,0,1,3,0,0
4656,564,20,2,0,1,67,1,0
5269,17,13,5,0,1,46,1,0
4510,426,28,1,0,1,114,1,0
5001,1387,27,1,0,1,4,1,0
4931,998,41,3,0,1,32,1,0
5549,1165,33,3,0,1,74,1,0
4382,14,18,1,0,1,20,1,0
4434,59,8,1,0,1,15,1,0
4400,333,86,2,0,1,35,1,0
5586,879,99,5,0,1,101,1,0
5571,45,350,1,0,1,168,1,0
5379,1387,16,3,0,1,21,1,0
4306,9,51,1,1,1,55,1,0
5455,8,231,1,1,1,65,1,0
4947,59,94,1,0,1,289,1,0
4391,96,126,1,0,1,191,1,0
5373,1031,79,1,0,1,67,1,0
3572,1387,12,3,0,1,65,1,0
3649,88,22,5,0,0,1810,1,0
4078,12,112,6,0,0,289,1,0
4450,998,21,3,0,1,55,1,0
4056,1125,26,3,0,1,138,1,0
4902,503,315,4,0,1,27,1,0
4959,503,100,6,0,1,17,1,0
4930,170,92,6,0,1,15,1,0
4954,1023,85,6,0,1,18,1,0
4835,503,106,6,0,1,42,1,0
4860,170,146,8,0,1,53,1,0
4920,170,169,6,0,1,25,1,0
5197,8,680,4,0,1,71,1,0
4508,206,368,1,0,1,32,1,0
4067,170,154,5,0,1,19,1,0
4359,699,150,1,0,1,56,1,0
4656,633,442,2,0,1,26,1,0
4396,1387,4,1,0,1,6,1,0
4481,633,82,2,0,1,50,1,0
4467,633,97,1,0,1,27,1,0
4471,527,162,1,0,1,15,1,0
4479,145,335,1,0,1,49,1,0
4396,1387,25,1,0,1,15,1,0
4623,35,187,3,0,1,49,1,0
4653,733,130,2,0,1,51,1,0
4460,208,218,2,0,1,36,1,0
4635,35,173,1,0,1,40,0,0
4470,170,160,1,0,1,53,1,0
4472,69,201,1,0,1,29,1,0
4249,170,74,1,0,1,39,1,0
4505,283,314,5,0,1,12,1,0
4498,413,132,1,0,1,17,1,0
4599,35,463,3,0,1,52,1,0
4425,1016,83,1,0,1,29,1,0
4370,857,303,3,0,1,68,1,0
4494,208,40,1,0,1,16,1,0
4436,515,77,1,0,1,72,1,0
4657,35,533,1,0,1,31,1,0
4656,687,218,2,0,1,40,1,0
4474,687,187,2,0,1,84,1,0
4657,8,1398,2,0,1,68,1,0
4419,1387,15,1,0,1,18,1,0
4785,1234,48,2,0,1,23,1,0
5340,10,177,6,0,1,81,1,0
5356,254,340,4,0,0,295,1,0
3918,1387,6,1,0,1,4,1,0
4667,1369,35,2,0,1,27,1,0
5176,384,284,2,0,1,133,1,0
3632,1387,0,1,0,1,16,1,0
4640,1387,31,3,0,1,86,1,0
5378,222,82,4,0,1,103,1,0
5569,413,27,2,0,1,21,1,0
5088,1387,89,1,0,1,101,1,0
4949,831,32,5,0,1,116,1,0
5217,1387,14,2,0,1,7,1,0
3965,1387,10,1,0,1,33,1,0
4797,371,35,1,0,1,48,1,0
4454,19,32,7,0,1,37,1,0
5356,938,95,3,0,1,80,1,0
4253,79,195,5,0,1,144,1,0
5334,15,91,1,0,1,80,1,0
4886,136,37,4,0,1,30,1,0
4040,360,85,1,0,1,92,1,0
5495,478,176,4,0,1,85,1,0
5406,174,516,3,0,1,49,1,0
4709,928,26,1,0,0,40,1,0
5489,450,28,1,0,0,42,1,0
4653,25,11,1,0,1,37,1,0
4034,1386,5,1,0,0,1,0,0
4318,449,142,1,0,1,215,1,0
4776,1051,20,2,0,1,25,1,0
5156,728,14,1,0,1,8,1,0
5206,8,43,2,0,1,587,1,0
5261,87,106,3,0,0,55,1,0
3753,1386,4,1,0,1,3,1,0
4660,368,59,1,0,0,71,1,0
4365,573,64,1,0,1,29,1,0
4601,174,113,1,0,1,49,1,0
3467,54,5,2,0,1,182,1,0
3692,1386,10,2,0,1,31,1,0
4783,30,134,2,0,0,116,1,0
4195,856,20,4,0,1,37,1,0
5191,453,16,2,0,1,45,1,0
5477,1031,46,1,0,1,7,1,0
5355,17,45,5,0,1,28,1,0
5577,1386,0,1,0,0,6,1,0
3799,923,5,2,0,1,28,1,0
4704,21,446,3,0,1,229,1,0
4803,1386,3,1,0,1,64,1,0
4500,1386,18,2,0,1,19,1,0
4211,1386,23,3,0,1,13,1,0
4007,21,23,4,0,1,138,1,0
4026,17,87,2,0,1,247,1,0
4981,174,53,5,0,1,26,1,0
4213,998,6,3,0,1,13,1,0
4851,1031,7,2,0,1,9,1,0
4629,1093,9,2,0,1,10,1,0
3276,49,0,1,0,1,9,1,0
5250,258,28,1,0,0,31,1,0
4297,998,4,3,0,1,11,1,0
4167,894,116,2,0,1,23,1,0
4953,30,215,3,0,1,95,1,0
3538,1386,9,8,0,0,194,1,0
5585,1386,293,1,0,1,131,1,0
4454,41,22,3,0,0,85,1,0
4244,41,63,4,0,0,74,1,0
2577,1430,0,1,0,1,4,1,0
2761,1237,0,1,0,1,9,1,0
3627,26,0,5,0,0,292,1,0
2868,290,0,8,0,1,32,1,0
5156,26,98,5,0,0,377,1,0
4221,573,137,2,0,0,281,0,0
4949,13,286,6,0,1,243,1,0
4403,66,38,5,0,1,20,1,0
5496,77,365,5,0,1,64,1,0
4747,237,38,1,0,1,69,1,0
5011,402,79,2,0,1,131,1,0
4008,959,81,2,0,1,32,1,0
5268,141,120,1,0,1,74,1,0
5312,179,132,1,0,1,52,1,0
5249,16,229,6,0,1,280,1,0
5488,897,210,3,0,1,99,1,0
5123,1386,25,7,0,1,18,1,0
4644,348,19,1,0,1,14,1,0
4793,1386,35,2,0,1,5,1,0
5061,1128,29,2,0,1,27,1,0
4955,174,153,2,0,1,26,1,0
5008,453,55,2,0,1,39,1,0
5308,51,69,6,0,1,54,1,0
4661,23,318,4,0,1,82,1,0
4589,387,52,1,0,1,38,1,0
4423,11,23,17,0,1,29,1,0
4611,1386,89,1,0,1,13,1,0
4764,515,22,4,0,1,28,1,0
4764,515,43,5,0,1,44,1,0
4764,1386,31,5,0,1,23,1,0
4764,1187,32,4,0,1,17,1,0
4775,515,419,5,0,1,213,1,0
4616,413,17,1,0,1,17,1,0
5020,413,26,1,0,1,5,1,0
4722,9,126,5,0,1,260,1,0
4447,111,21,3,0,1,45,1,0
4429,989,34,2,0,1,30,1,0
4618,1386,23,12,0,1,16,1,0
4614,296,19,8,0,1,17,1,0
4614,343,8,8,0,1,15,1,0
4601,246,64,3,0,1,93,1,0
4614,989,31,10,0,0,27,1,0
4533,8,263,11,0,1,124,1,0
4786,232,32,6,0,0,48,1,0
4405,719,11,2,0,1,15,1,0
5087,19,14,7,0,1,71,1,0
5550,23,322,5,0,1,143,1,0
4738,174,49,3,0,1,47,1,0
4837,490,21,3,0,1,108,1,0
4979,174,59,3,0,1,101,1,0
4447,308,54,3,0,1,59,1,0
3733,22,26,2,0,1,281,1,0
3587,699,29,1,0,1,21,1,0
3132,103,2,13,0,1,87,1,0
4902,669,3,3,0,1,50,1,0
4434,1386,38,1,0,1,62,1,0
4087,56,18,3,0,1,69,1,0
4577,1386,4,2,0,1,22,1,0
4087,1386,0,2,0,1,8,1,0
4577,1386,3,2,0,1,24,1,0
4577,1386,7,2,0,1,22,1,0
4577,1386,4,2,0,1,15,1,0
4577,1386,0,2,0,1,16,1,0
4577,1386,0,2,0,1,19,1,0
4007,437,1,2,0,1,13,1,0
4577,1386,0,2,0,1,22,1,0
4577,437,5,2,0,1,23,1,0
4577,1386,0,2,0,1,17,1,0
4577,1386,1,2,0,1,10,1,0
4577,1386,2,2,0,1,19,1,0
4577,1386,0,2,0,1,11,1,0
5095,8,1585,3,0,1,115,1,0
4577,1386,1,2,0,1,26,1,0
4577,1018,6,2,0,1,37,1,0
4577,437,0,2,0,1,21,1,0
4577,437,3,2,0,1,17,1,0
4007,1386,0,2,0,1,12,1,0
4577,437,7,2,0,1,34,1,0
4577,1386,10,2,0,1,16,1,0
4577,1386,3,2,0,1,22,1,0
4287,174,34,1,0,1,14,1,0
3885,37,27,1,0,1,23,1,0
5558,1124,173,2,0,0,152,1,0
4752,576,16,1,0,0,31,1,0
4772,353,23,1,0,1,39,1,0
3849,987,6,1,0,1,6,1,0
4386,395,83,1,0,1,76,1,0
5377,23,122,1,0,1,152,1,0
3253,207,9,1,0,1,13,1,0
4978,1386,16,1,0,1,8,1,0
4124,53,82,1,0,1,80,1,0
5577,530,62,2,0,0,8,1,0
5369,16,233,4,0,1,209,1,0
4199,699,150,1,0,1,167,1,0
4795,54,71,1,0,1,305,1,0
4440,1386,17,2,0,1,29,1,0
5335,174,67,2,0,1,7,1,0
3345,988,3,1,0,1,35,1,0
4296,938,20,1,0,1,7,1,0
4819,44,85,1,0,1,46,1,0
4682,527,55,3,0,1,13,1,0
5081,928,41,1,0,1,9,1,0
4442,55,37,5,0,1,51,1,0
4416,675,88,6,0,1,23,1,0
5031,326,16,6,0,1,7,1,0
4149,564,26,3,0,1,69,1,0
4356,136,65,5,0,1,58,1,0
5554,205,133,1,0,1,57,1,0
2954,10,3,3,0,1,84,1,0
5377,38,98,1,0,0,143,1,0
4667,30,430,3,0,0,31,1,0
5568,880,344,1,0,1,42,1,0
3691,191,7,4,0,1,146,1,0
3698,191,41,6,0,1,254,1,0
5261,30,696,3,0,0,230,1,0
4577,959,23,2,0,1,10,1,0
4655,18,76,7,0,1,67,1,0
5284,173,1024,5,0,1,76,1,0
5402,9,422,2,0,0,804,1,0
5585,11,738,4,0,1,984,1,0
4439,262,427,2,0,1,27,1,0
4800,12,86,4,0,1,217,1,0
5219,209,116,6,0,0,32,1,0
4620,18,134,4,0,0,175,1,0
4446,32,278,5,0,1,53,1,0
4463,44,8,1,0,1,13,1,0
5200,530,60,3,0,1,39,1,0
5570,699,487,3,0,0,65,1,0
4736,21,48,1,0,1,266,1,0
4350,880,54,9,0,1,22,1,0
4615,18,65,2,0,1,98,1,0
3164,21,20,1,0,1,114,1,0
5482,356,173,3,0,0,41,1,0
5337,1384,73,2,0,1,24,1,0
4719,174,83,1,0,1,95,1,0
5229,23,51,1,0,1,115,1,0
5473,1384,36,3,0,1,32,1,0
5309,37,191,4,0,0,459,1,0
5281,530,97,2,0,1,34,1,0
4940,1384,23,1,0,1,22,1,0
4253,488,37,2,0,1,32,1,0
4086,857,175,5,0,0,96,1,0
4673,12,37,3,0,1,134,1,0
5173,68,98,3,0,1,158,1,0
4872,1149,175,1,0,1,73,1,0
4503,1362,25,8,0,1,109,1,0
5045,620,257,2,0,1,148,1,0
5442,174,253,5,0,1,45,1,0
5452,999,49,3,0,1,26,1,0
5172,1060,192,2,0,1,14,1,0
5068,978,21,2,0,1,40,1,0
5199,897,8,2,0,1,25,1,0
5505,132,30,7,0,0,159,1,0
5553,11,504,1,1,1,292,1,0
5540,30,638,1,0,1,263,1,0
5476,1383,32,1,0,1,25,1,0
5485,17,47,5,0,1,37,1,0
4102,45,11,1,0,1,56,1,0
3590,1383,1,1,0,1,2,0,0
5049,699,86,1,0,1,13,1,0
4030,197,197,1,0,1,58,1,0
4650,9,385,5,0,0,588,1,0
5051,17,27,5,0,1,34,1,0
4307,959,29,1,0,0,6,1,0
4932,1383,74,1,0,1,32,1,0
4980,1088,53,5,0,1,58,1,0
3984,39,107,3,0,0,166,1,0
5530,390,76,1,0,1,28,1,0
4445,413,71,3,0,1,17,1,0
4412,1177,27,2,0,1,47,1,0
4580,674,38,1,0,1,27,1,0
4405,473,7,1,0,1,33,1,0
4250,326,23,2,0,1,8,1,0
4982,35,41,1,0,1,7,1,0
5104,141,85,1,0,1,52,1,0
4990,998,29,1,0,1,12,1,0
4383,1382,121,1,0,1,22,1,0
5584,1089,143,2,0,1,39,1,0
3739,989,24,1,0,1,27,1,0
3685,59,150,1,0,1,55,1,0
3642,174,4,1,0,1,4,1,0
5039,17,6,5,0,1,9,1,0
4428,1245,28,1,0,1,31,1,0
4659,43,31,5,0,1,60,1,0
4411,326,22,3,0,1,11,1,0
5277,1051,105,1,0,1,8,1,0
5277,1382,12,1,0,0,17,1,0
4616,792,18,1,0,1,12,1,0
4630,1382,8,1,0,1,1,1,0
5292,450,521,1,0,1,33,1,0
3990,530,14,1,0,1,6,1,0
4065,989,8,1,0,1,3,1,0
4994,10,114,6,0,1,71,1,0
5393,1051,88,3,0,1,4,1,0
5585,31,175,1,0,1,246,1,0
3721,989,66,3,0,1,18,1,0
4955,1382,137,3,0,1,81,1,0
3872,1023,62,1,0,1,13,1,0
3696,55,51,4,0,1,333,1,0
5419,1015,18,1,0,1,7,1,0
5448,938,16,2,0,1,26,1,0
3997,998,2,2,0,1,7,1,0
4752,998,34,1,0,1,34,1,0
4684,130,1047,1,0,1,290,1,0
4977,1140,14,1,0,1,24,1,0
2761,1423,0,1,0,1,19,1,0
3436,772,8,3,0,1,94,1,0
3657,1381,24,1,0,0,114,1,0
5385,205,17,2,0,1,44,1,0
3856,1381,31,3,0,1,20,1,0
3942,1381,4,1,0,1,22,1,0
4255,292,26,3,0,1,55,1,0
4202,19,64,8,0,1,88,1,0
4162,520,8,1,0,1,39,1,0
3928,557,4,3,0,1,24,1,0
3028,43,0,3,0,1,148,1,0
3882,548,1,1,0,1,21,1,0
4535,33,134,1,0,1,272,1,0
4910,174,50,12,0,1,94,1,0
3859,26,37,7,0,1,274,1,0
3372,74,74,11,0,1,184,1,0
4438,196,32,1,0,1,29,1,0
4470,1127,36,1,0,1,35,1,0
4399,202,26,1,0,1,28,1,0
5291,478,55,1,0,1,35,1,0
3980,391,19,8,0,1,38,1,0
5393,174,18,3,0,1,21,1,0
3820,1381,15,1,0,1,20,1,0
5464,306,126,5,0,1,20,1,0
4414,1171,13,1,0,1,46,1,0
4849,428,110,2,0,1,33,1,0
5497,1044,156,5,0,1,38,1,0
2968,897,13,1,0,1,36,1,0
4062,955,154,3,0,1,24,1,0
4783,110,52,2,0,1,185,1,0
4609,23,182,2,0,1,42,1,0
4762,1220,8,4,0,1,87,1,0
4617,36,65,1,0,1,29,1,0
4761,17,86,2,0,1,989,1,0
5582,171,419,2,0,1,76,1,0
5539,49,188,2,0,1,146,1,0
4526,199,97,1,0,1,88,1,0
5469,1380,41,2,0,1,5,1,0
5124,440,21,2,0,1,96,1,0
4846,1380,25,2,0,1,24,1,0
4342,177,137,8,0,1,63,1,0
4098,989,3,5,0,1,9,1,0
5188,450,24,1,0,1,20,1,0
5132,131,15,4,0,1,70,1,0
4586,61,23,5,0,1,53,1,0
5123,989,20,7,0,1,18,1,0
3980,206,13,9,0,1,190,1,0
4071,421,7,9,0,1,217,1,0
4991,408,77,9,0,0,48,1,0
3929,955,19,2,0,1,61,1,0
3929,880,5,2,0,1,62,1,0
3638,1380,17,8,0,1,220,1,0
2749,415,1,5,0,0,41,1,0
4451,195,52,3,0,0,229,1,0
3884,1380,8,1,0,1,77,1,0
4225,107,21,2,0,1,202,1,0
3481,415,16,5,0,0,116,1,0
3826,1380,4,5,0,0,79,1,0
4186,1380,30,5,0,0,140,1,0
4352,8,219,2,0,0,2717,1,0
4208,54,28,3,0,1,195,1,0
3251,414,4,5,0,1,86,1,0
3944,1288,62,5,0,1,41,1,0
4284,1239,42,6,0,1,180,1,0
3817,33,30,5,0,1,85,1,0
4308,9,45,3,0,1,384,1,0
2991,955,0,2,0,1,17,1,0
3984,394,18,3,0,1,98,1,0
4210,474,45,1,0,1,116,1,0
3924,1379,43,2,0,1,27,1,0
3978,256,38,1,0,1,87,1,0
4085,7,98,7,0,0,2516,1,0
4107,363,12,2,0,1,80,1,0
3921,480,174,5,0,1,141,1,0
3399,10,71,2,0,0,1034,1,0
3724,699,74,3,0,1,22,1,0
4445,10,252,2,0,0,1138,1,0
3548,342,58,5,0,0,135,1,0
4240,268,37,5,0,1,186,1,0
4158,241,20,1,0,1,120,1,0
4213,478,25,1,0,1,19,1,0
3610,8,23,2,0,0,2676,1,0
3404,1031,25,3,0,1,44,1,0
3782,104,24,3,0,1,297,1,0
5275,8,869,2,0,0,2762,1,0
3698,556,16,7,0,1,171,1,0
3867,883,7,1,0,1,14,1,0
3868,56,8,1,0,1,19,1,0
5233,17,12,5,0,1,21,1,0
5000,453,47,3,0,1,105,1,0
4602,530,27,1,0,1,65,1,0
4652,1379,8,2,0,1,14,1,0
4944,398,14,2,0,1,268,1,0
3833,1129,17,2,0,1,57,1,0
5202,208,33,2,0,1,16,1,0
5575,48,438,5,0,1,179,1,0
3929,623,27,2,0,1,39,1,0
3903,563,62,2,0,1,236,1,0
3889,1239,48,1,0,0,52,1,0
3777,166,45,3,0,1,77,1,0
3919,699,87,5,0,1,23,1,0
5294,699,245,6,0,1,85,1,0
4009,737,30,1,0,1,20,1,0
4293,842,6,1,0,1,31,1,0
3620,1379,17,2,0,1,11,1,0
4566,629,194,6,0,1,42,1,0
5552,173,1484,4,0,1,126,1,0
5226,1379,23,4,0,1,13,1,0
5024,208,88,2,0,1,8,1,0
5087,1379,2,1,0,1,15,1,0
5345,125,71,1,0,1,52,1,0
3931,672,56,6,0,1,53,1,0
3492,1234,4,1,0,1,17,1,0
4277,1018,7,1,0,1,6,1,0
5405,47,30,1,0,0,99,1,0
5459,174,229,15,0,0,184,1,0
5540,1051,27,3,0,1,15,1,0
5535,48,321,1,0,1,86,1,0
3814,1362,10,13,0,0,59,1,0
3818,1379,4,5,0,1,70,1,0
3710,1031,4,5,0,1,34,1,0
3816,1379,1,4,0,1,29,1,0
3978,14,87,5,0,1,930,1,0
4919,1379,17,6,0,1,51,1,0
4455,527,199,1,0,1,23,1,0
5534,880,62,2,0,1,103,1,0
2942,1420,0,1,0,1,37,0,0
5145,407,106,3,0,1,166,1,0
3735,999,6,2,0,1,11,1,0
4601,16,21,1,0,1,23,1,0
4590,18,70,4,0,1,120,1,0
4438,19,77,7,0,1,112,1,0
5534,19,35,1,0,1,53,1,0
4200,532,3,3,0,1,62,1,0
4798,44,159,6,0,1,116,1,0
3854,827,14,2,0,0,158,1,0
5531,17,173,5,0,1,113,1,0
5023,111,25,4,0,1,69,1,0
5451,29,339,9,0,1,627,1,0
4219,11,27,3,0,1,30,1,0
5526,171,113,2,0,1,176,1,0
4355,299,122,2,0,1,22,1,0
4413,73,19,2,0,1,34,1,0
4413,111,98,3,0,1,69,1,0
5313,1379,17,1,0,1,6,1,0
3950,1379,7,1,0,1,8,1,0
4610,93,127,1,0,0,172,1,0
5070,307,7,4,0,1,29,1,0
5147,331,431,3,0,1,57,1,0
5221,300,193,2,0,1,32,1,0
5478,880,129,3,0,1,114,1,0
5472,979,31,2,0,1,62,1,0
4622,26,60,2,0,0,269,1,0
5165,226,35,3,0,1,37,1,0
5585,20,186,4,0,1,216,1,0
4643,1031,14,1,0,1,10,1,0
5312,174,105,1,0,1,76,1,0
4807,23,20,3,0,1,43,1,0
5471,30,73,3,0,1,119,1,0
5402,103,112,2,0,1,131,1,0
5581,103,787,2,0,1,161,1,0
5126,1261,11,2,0,1,31,1,0
4336,811,8,3,0,1,29,1,0
4825,1031,31,3,0,1,66,1,0
5332,108,35,23,0,1,70,1,0
4966,1378,79,1,0,1,20,1,0
4407,1106,13,1,0,1,22,1,0
4750,530,37,1,0,1,8,1,0
5625,1244,6,1,0,1,6,1,0
5519,24,131,10,0,1,104,1,0
4993,174,79,1,0,1,106,1,0
5398,998,22,6,0,1,12,1,0
4086,569,161,16,0,1,185,1,0
5251,1378,80,2,0,1,43,1,0
4501,38,14,1,0,1,22,1,0
4522,240,25,1,0,1,20,1,0
5111,19,98,7,0,1,76,1,0
3519,8,50,3,0,0,397,1,0
3737,80,13,4,0,1,53,1,0
3440,21,1,1,0,1,37,1,0
3702,80,8,3,0,1,122,1,0
4133,10,69,4,0,1,270,1,0
4535,19,11,7,0,1,59,1,0
5543,532,149,5,0,1,183,1,0
5340,89,303,7,0,1,179,1,0
5031,89,272,6,0,1,77,1,0
4313,209,18,1,0,0,54,1,0
4938,32,65,4,0,0,113,1,0
3598,1378,22,1,0,1,32,1,0
5329,1378,68,1,0,1,53,1,0
4226,938,18,1,0,1,17,1,0
4445,347,39,2,0,1,236,1,0
4879,566,150,3,0,1,158,1,0
4488,31,12,2,0,1,75,1,0
5250,13,45,1,1,0,144,1,0
5625,1150,26,2,0,1,16,1,0
2803,19,1,7,0,1,86,1,0
4712,1124,20,1,0,1,5,1,0
4867,36,73,2,0,1,309,1,0
4124,650,11,1,0,1,18,1,0
5023,478,98,1,0,1,29,1,0
4630,1051,203,2,0,1,38,1,0
4469,1378,10,1,0,1,9,1,0
4953,1001,13,1,0,1,27,1,0
5329,174,47,1,0,1,38,1,0
5295,691,15,1,0,1,11,1,0
5280,24,28,2,0,1,58,1,0
5147,907,22,1,0,1,55,1,0
5540,444,41,1,0,1,40,1,0
3504,125,9,3,0,1,212,1,0
4092,224,30,3,0,0,167,1,0
3852,173,59,2,0,0,128,1,0
2717,1414,0,1,0,1,10,1,0
4114,159,10,6,0,1,46,1,0
3224,438,7,2,0,1,19,1,0
3580,1377,1,1,0,1,29,1,0
4634,1031,70,1,0,1,182,1,0
4733,174,11,2,0,0,39,1,0
4289,1089,10,1,0,1,25,1,0
4481,374,25,5,0,1,39,1,0
3638,7,13,4,0,0,1100,1,0
4934,8,278,6,0,0,3757,1,0
3253,1377,27,1,0,1,50,1,0
5569,130,259,3,0,1,288,1,0
3358,938,18,7,0,1,50,1,0
5565,45,570,2,0,1,55,1,0
5260,1156,55,4,0,1,32,1,0
4094,687,5,1,0,1,5,1,0
3900,73,2,2,0,1,24,1,0
4986,174,35,2,0,1,17,1,0
4866,484,99,1,0,1,52,1,0
3851,1377,27,1,0,1,28,1,0
4814,995,18,2,0,1,13,1,0
5075,989,63,5,0,1,32,1,0
4197,1377,43,4,0,1,51,1,0
5385,174,74,3,0,1,11,1,0
5438,25,26,10,0,1,248,1,0
4263,880,17,1,0,1,5,1,0
4455,1377,2,1,0,0,1,0,0
5424,1377,15,2,0,1,6,1,0
5324,988,37,6,0,1,14,1,0
4651,1377,11,1,0,1,2,1,0
5484,209,315,2,0,1,48,1,0
4633,1377,22,2,0,1,9,1,0
4161,17,6,5,0,1,21,1,0
5569,108,487,3,0,1,217,1,0
5100,130,52,12,0,1,23,1,0
4424,1377,34,2,0,1,3,1,0
4462,308,37,2,0,1,47,1,0
4467,880,96,2,0,1,8,1,0
4488,174,42,2,0,1,31,1,0
3878,530,50,2,0,1,117,1,0
3937,1377,6,2,0,1,48,1,0
3819,1377,4,2,0,1,33,1,0
4354,29,16,1,0,1,392,1,0
4203,827,26,2,0,1,304,1,0
3734,1377,1,1,0,0,47,1,0
4150,17,41,2,0,1,200,1,0
3743,1377,5,2,0,1,21,1,0
3586,833,23,2,0,1,147,1,0
4502,10,277,2,0,0,565,1,0
3773,361,39,4,0,1,62,1,0
5539,1377,23,1,0,1,24,1,0
4022,1377,12,1,0,1,10,1,0
5571,88,90,3,0,1,30,1,0
4693,1055,126,39,0,1,70,1,0
4016,174,19,2,0,0,582,1,0
3453,11,189,10,0,1,96,1,0
3963,19,13,6,0,1,128,1,0
4988,12,53,8,0,1,123,1,0
4947,19,130,8,0,1,222,1,0
3990,19,56,8,0,1,67,1,0
3987,154,23,2,0,1,42,1,0
3936,631,82,1,0,1,91,1,0
3721,699,30,1,0,1,27,1,0
3745,19,4,7,0,1,55,1,0
5138,19,557,8,0,1,869,1,0
5387,693,73,1,0,1,56,1,0
4100,121,138,1,0,1,51,1,0
5059,478,54,1,0,1,63,1,0
5355,17,17,5,0,1,36,1,0
3804,786,27,4,0,1,76,1,0
5556,119,435,8,0,1,94,1,0
4389,988,6,2,0,1,17,1,0
3250,137,5,9,0,1,102,1,0
5471,1376,34,1,0,1,28,1,0
5236,15,256,4,0,1,174,1,0
5105,1376,39,2,0,1,60,1,0
4503,530,162,1,0,1,108,1,0
3602,1203,20,1,0,1,49,1,0
5464,674,276,1,0,1,52,1,0
5393,998,39,2,0,1,28,1,0
5577,998,30,1,0,1,98,1,0
5203,174,45,2,0,1,36,1,0
5511,1376,18,1,0,1,11,1,0
4976,841,29,2,0,1,23,1,0
5393,408,32,2,0,1,25,1,0
5065,999,46,1,0,1,17,1,0
5469,15,16,1,0,1,100,1,0
4992,174,63,1,0,1,19,1,0
3725,314,13,3,0,1,84,1,0
4516,313,511,2,0,1,261,1,0
4199,36,2,8,0,1,137,1,0
4798,23,53,9,0,1,185,1,0
4349,384,18,6,0,1,18,1,0
4388,45,25,2,0,1,127,1,0
0,0,0,0,0,0,0,0,1
3510,131,0,1,0,0,5,0,1
1906,1902,0,0,0,0,0,0,1
4498,1393,0,1,0,1,4,1,1
710,710,0,1,0,1,3,1,1
889,882,0,0,0,0,0,0,1
430,11,0,32,0,0,2,0,1
3332,1393,0,1,0,1,1,1,1
2088,132,0,3,0,0,38,1,1
1518,41,0,3,0,1,33,1,1
1752,63,0,3,0,1,441,1,1
1938,63,0,3,0,1,50,1,1
1762,132,0,3,0,0,8,1,1
1133,132,0,3,0,0,1,0,1
1237,132,0,3,0,0,1,1,1
437,81,0,3,0,0,7,1,1
437,81,0,3,0,0,4,1,1
1941,132,0,3,0,0,58,1,1
2209,41,0,3,0,1,227,1,1
1623,132,0,3,0,0,107,1,1
2675,12,0,1,1,1,58,1,1
2647,35,0,1,0,1,22,1,1
2595,48,0,1,0,1,23,1,1
2992,201,0,1,0,0,48,1,1
2939,201,0,1,0,0,19,1,1
2976,201,0,1,0,1,83,1,1
2798,201,0,1,0,0,12,1,1
2548,47,0,1,0,1,63,1,1
2128,201,0,1,0,1,21,1,1
2590,48,0,1,0,1,34,1,1
2897,201,0,1,0,1,49,1,1
2513,47,0,1,0,1,20,1,1
2589,201,0,1,0,1,40,1,1
2656,48,0,1,0,1,30,1,1
1321,12,0,20,0,0,89,0,1
1368,12,0,20,0,0,92,0,1
572,9,0,20,0,0,78,0,1
572,9,0,20,0,0,75,0,1
1383,11,0,20,0,1,98,1,1
1101,9,0,20,0,0,55,0,1
1084,9,0,20,0,0,64,0,1
1292,9,0,20,0,0,280,0,1
1248,9,0,20,0,0,280,0,1
54,10,0,20,0,1,14,0,1
1045,9,0,20,0,0,181,0,1
809,9,0,20,0,0,184,0,1
142,9,0,20,0,0,71,0,1
142,9,0,20,0,0,72,0,1
1327,9,0,20,0,0,103,0,1
1333,9,0,20,0,0,126,0,1
314,9,0,20,0,0,11,0,1
314,9,0,20,0,0,12,0,1
1255,10,0,20,0,1,96,0,1
1024,10,0,20,0,1,91,0,1
1094,11,0,20,0,1,11,0,1
719,11,0,20,0,1,5,1,1
661,10,0,20,0,1,28,0,1
674,10,0,20,0,1,33,0,1
1321,9,0,20,0,0,354,0,1
1354,9,0,20,0,0,355,0,1
1036,12,0,20,0,0,22,0,1
193,9,0,20,0,0,24,0,1
404,9,0,20,0,0,12,0,1
404,9,0,20,0,0,13,0,1
662,10,0,20,0,1,71,0,1
675,10,0,20,0,1,72,0,1
677,9,0,20,0,0,319,0,1
291,12,0,20,0,0,14,0,1
53,10,0,20,0,1,5,0,1
53,10,0,20,0,1,7,0,1
153,10,0,20,0,1,27,0,1
153,10,0,20,0,1,26,0,1
2977,1237,0,4,0,0,13,1,1
1117,240,0,6,0,1,100,1,1
2622,125,0,6,0,1,1931,1,1
2973,42,0,4,0,1,62,1,1
2973,42,0,4,0,1,59,1,1
1136,15,0,2,0,0,9,0,1
2139,58,0,5,0,1,98,1,1
1425,110,0,5,0,1,53,1,1
2038,34,0,19,0,1,82,1,1
2083,120,0,19,0,1,63,1,1
2005,38,0,19,0,1,120,1,1
2076,12,0,19,0,1,162,1,1
2000,185,0,19,0,0,63,1,1
2076,10,0,19,0,1,123,1,1
2077,13,0,19,0,1,258,1,1
1492,13,0,19,0,1,119,1,1
2077,13,0,19,0,1,258,1,1
1084,8,0,5,0,0,1731,1,1
398,24,0,5,0,1,46,0,1
901,8,0,5,0,0,1601,1,1
1084,8,0,5,0,0,1730,1,1
398,24,0,5,0,1,46,0,1
1084,8,0,5,0,0,1728,1,1
1084,8,0,5,0,0,1731,1,1
558,9,0,393,0,0,147,0,1
558,9,0,393,0,1,99,0,1
378,9,0,393,0,0,28,0,1
866,9,0,393,0,0,1201,1,1
852,9,0,393,0,0,10,1,1
75,9,0,393,0,0,1,0,1
1103,936,0,2,0,1,19,0,1
1886,299,0,4,0,0,12,1,1
1258,9,0,2,0,0,1185,1,1
1460,9,0,2,0,0,1200,1,1
2782,122,0,1,0,0,1967,1,1
830,14,0,10,0,0,70,1,1
2357,152,0,5,0,0,5,1,1
2633,10,3,2,0,0,4509,1,1
2123,14,0,6,0,0,2,1,1
572,569,0,1,0,1,10,0,1
676,25,0,1,0,0,14,0,1
676,25,0,1,0,0,25,0,1
2700,25,0,1,0,0,25,1,1
2756,25,0,1,0,0,3,1,1
2953,25,0,1,0,0,13,1,1
240,25,0,1,0,0,20,1,1
1745,25,0,9,0,1,13,1,1
310,25,0,1,0,0,2,1,1
270,9,0,1,0,1,109,1,1
923,923,0,1,0,1,1,1,1
4162,1392,0,1,0,0,1,0,1
4383,825,0,4,0,0,16,1,1
4634,1392,0,1,0,1,4,1,1
2208,2208,0,0,0,0,0,0,1
2461,1455,0,2,0,1,1,0,1
194,193,0,0,0,0,0,0,1
262,261,0,0,0,0,0,0,1
262,261,0,0,0,0,0,0,1
223,223,0,0,0,0,0,0,1
233,233,0,0,0,0,0,0,1
198,198,0,0,0,0,0,0,1
206,205,0,0,0,0,0,0,1
154,118,0,0,0,0,0,0,1
1474,1473,0,0,0,0,0,0,1
3090,1392,0,1,0,1,2,1,1
4720,416,1,1,0,1,2,0,1
3922,1392,3,1,0,1,14,1,1
4205,1392,0,1,0,1,4,1,1
3979,1392,0,1,0,0,1,0,1
3646,1357,0,1,0,0,0,0,1
4561,1147,0,1,0,1,1,1,1
4428,1392,1,1,0,1,8,1,1
4557,1392,2,1,0,1,4,1,1
3721,18,2,2,0,0,128,1,1
4112,115,0,1,0,1,2,1,1
3786,1392,1,1,0,1,3,1,1
4324,209,9,1,0,0,20,1,1
4630,209,12,1,0,0,28,1,1
4832,1128,5,1,0,1,6,1,1
5326,1392,0,1,0,0,2,1,1
2593,1739,0,0,0,0,0,0,1
510,510,0,0,0,0,0,0,1
3292,1392,0,1,0,0,1,0,1
5176,1392,0,1,0,1,11,1,1
5304,74,9,8,0,0,144,1,1
910,908,0,0,0,0,0,0,1
2964,1455,0,1,0,1,1,1,1
3078,1392,0,1,0,1,2,0,1
4490,1392,1,1,0,1,1,1,1
5129,1392,0,1,0,0,2,1,1
3711,1392,0,1,0,1,6,1,1
5113,938,15,2,0,1,43,1,1
3524,176,0,1,0,1,4,1,1
2432,1455,0,1,0,1,2,1,1
1507,7,0,1,1,1,157,0,1
5480,1392,1,1,0,0,20,0,1
3792,3792,0,0,0,0,0,0,1
5309,1392,0,1,0,0,1,1,1
4024,1392,0,1,0,1,6,1,1
3792,402,0,1,0,1,17,1,1
1442,1442,0,1,0,0,1,0,1
2579,1355,0,2,0,1,3,1,1
2965,1455,0,1,0,0,1,0,1
1955,1455,0,1,0,0,1,0,1
4907,13,0,1,1,0,34,1,1
4885,1392,2,1,0,1,14,1,1
4158,1392,0,1,0,1,2,0,1
2033,1455,0,1,0,1,4,1,1
3166,1455,0,1,0,1,2,0,1
5288,1392,0,2,0,1,12,1,1
3792,3792,0,0,0,0,0,0,1
1347,605,0,1,0,1,17,1,1
4809,527,2,2,0,1,18,1,1
3972,1392,1,1,0,1,1,1,1
3792,3792,0,0,0,0,0,0,1
3378,1392,0,1,0,1,3,1,1
3466,1392,0,1,0,0,1,0,1
5182,880,3,2,0,1,5,1,1
2515,1455,0,1,0,1,3,1,1
3810,1392,0,1,0,0,1,0,1
1725,848,0,1,0,1,54,1,1
1932,1455,0,1,0,0,1,0,1
3986,1392,1,1,0,1,7,1,1
3936,204,0,1,0,1,6,1,1
5556,1392,5,1,0,1,9,1,1
5105,1375,0,1,0,1,2,1,1
5336,1392,0,1,0,0,1,0,1
929,928,0,0,0,0,0,0,1
1162,1161,0,0,0,0,0,0,1
5481,1392,0,1,0,1,6,1,1
3744,1392,0,1,0,1,6,1,1
88,53,0,1,0,0,1,1,1
4444,1392,0,1,0,1,6,1,1
3642,1392,0,1,0,0,1,0,1
4510,1392,0,1,0,1,5,1,1
2558,2557,0,0,0,0,0,0,1
2976,1454,0,1,0,1,8,1,1
2995,1454,0,1,0,1,23,1,1
527,524,0,0,0,0,0,0,1
524,523,0,0,0,0,0,0,1
2558,2557,0,0,0,0,0,0,1
2558,2557,0,0,0,0,0,0,1
2558,2557,0,0,0,0,0,0,1
2558,2557,0,0,0,0,0,0,1
2558,2557,0,0,0,0,0,0,1
4513,1392,2,1,0,1,1,1,1
2768,1454,0,2,0,0,1,0,1
1862,1454,0,1,0,1,9,1,1
4428,1392,0,1,0,1,2,1,1
4369,1392,0,1,0,1,10,1,1
5287,1392,0,1,0,0,8,1,1
3302,1392,0,1,0,1,2,1,1
2558,2557,0,0,0,0,0,0,1
2558,2557,0,0,0,0,0,0,1
2558,2557,0,0,0,0,0,0,1
2745,1454,0,1,0,1,6,1,1
4229,1392,0,1,0,1,1,1,1
2558,2557,0,0,0,0,0,0,1
2558,2557,0,0,0,0,0,0,1
3927,1392,0,1,0,1,75,1,1
3515,1392,0,1,0,0,1,0,1
3966,1392,0,1,0,1,1,1,1
3972,1392,1,1,0,1,1,1,1
1162,1161,0,0,0,0,0,0,1
4092,1392,0,1,0,1,2,1,1
3569,1392,0,1,0,0,1,0,1
3515,1392,0,1,0,0,1,0,1
2718,110,1,1,0,1,4,1,1
3475,1392,4,1,0,1,1,0,1
3015,1392,0,2,0,0,835,1,1
1967,1967,0,0,0,0,0,0,1
2950,1454,0,1,0,1,4,1,1
1678,1454,0,1,0,0,1,0,1
999,999,0,0,0,0,0,0,1
2558,2557,0,0,0,0,0,0,1
3673,1392,0,1,0,1,1,1,1
4377,1392,0,1,0,1,3,0,1
4344,1392,0,1,0,1,25,0,1
2889,1392,0,1,0,0,1,0,1
1162,1161,0,0,0,0,0,0,1
1162,1161,0,0,0,0,0,0,1
2784,743,0,1,0,0,1,0,1
4543,1392,2,6,0,1,26,1,1
1551,1454,0,1,0,0,1,0,1
5011,1392,0,1,0,1,6,1,1
3998,1392,0,1,0,1,1,1,1
1701,1700,0,0,0,0,0,0,1
4591,1392,0,1,0,1,1,1,1
3973,1392,0,1,0,0,1,0,1
5001,1392,1,2,0,1,12,1,1
943,943,0,0,0,0,0,0,1
4423,1392,1,1,0,1,6,1,1
3363,209,1,1,0,0,9,1,1
4628,157,947,1,0,0,43,1,1
1148,314,0,1,0,1,12,1,1
3820,1392,1,1,0,1,39,1,1
4415,1392,1,1,0,1,4,1,1
3821,1392,1,1,0,1,3,1,1
3700,1392,0,1,0,0,1,0,1
3803,1392,1,1,0,1,1,1,1
4548,1392,0,2,0,1,10,1,1
4053,3775,0,0,0,0,0,0,1
3871,1392,1,2,0,1,7,1,1
2558,2557,0,0,0,0,0,0,1
959,131,0,1,0,0,2,0,1
4443,970,0,1,0,1,11,1,1
4420,1392,0,1,0,1,2,1,1
1272,14,0,1,0,0,1,0,1
2119,1454,0,1,0,1,17,0,1
4815,1392,1,1,0,1,1,1,1
2189,1454,0,1,0,0,3,1,1
4017,282,4,1,0,1,1,1,1
3310,1392,0,4,0,1,6,1,1
2561,1454,0,1,0,1,2,1,1
2723,1454,0,1,0,1,1,1,1
5570,250,81,4,0,1,15,1,1
3777,1392,0,1,0,0,3,1,1
5573,998,70,1,0,1,59,1,1
4114,1392,0,1,0,1,18,1,1
1506,1454,0,1,0,1,2,1,1
2377,1454,0,2,0,1,3,1,1
5161,959,64,3,0,1,47,1,1
1802,1677,0,0,0,0,0,0,1
2956,1454,0,1,0,1,11,0,1
3631,1392,0,1,0,1,1,1,1
3996,1392,2,1,0,1,33,1,1
4565,35,2,1,0,1,12,1,1
2558,2557,0,0,0,0,0,0,1
3515,1392,0,1,0,0,1,0,1
4417,1183,17,3,0,1,73,1,1
59,58,0,0,0,0,0,0,1
4232,1392,0,1,0,1,7,1,1
5413,142,11,1,0,1,40,1,1
4151,144,2,3,0,1,12,1,1
5404,141,4,1,0,1,42,1,1
5400,142,53,1,0,1,51,1,1
2816,1439,0,1,0,1,2,1,1
4244,1392,0,1,0,1,19,1,1
3320,1392,0,1,0,1,4,0,1
1725,1439,0,1,0,0,1,0,1
3454,1392,0,1,0,1,1,1,1
2880,1964,0,0,0,0,0,0,1
1568,1568,0,0,0,0,0,0,1
2558,2557,0,0,0,0,0,0,1
2558,2557,0,0,0,0,0,0,1
2558,2557,0,0,0,0,0,0,1
1703,1147,0,1,0,1,8,1,1
4379,1392,0,1,0,1,5,1,1
3794,1392,0,1,0,1,1,1,1
5515,60,14,1,0,1,64,1,1
4618,1392,0,1,0,1,2,1,1
5266,1392,0,6,0,1,66,1,1
4103,1392,0,1,0,1,15,1,1
2224,1439,0,1,0,1,26,1,1
4492,1391,0,1,0,1,3,1,1
4463,1391,0,1,0,1,1,0,1
1444,1392,0,1,0,0,2,1,1
3387,1391,7,1,0,1,1,1,1
4520,1391,1,1,0,1,2,1,1
2353,1222,0,0,0,0,0,0,1
4402,1391,0,1,0,0,1,1,1
4729,1391,0,1,0,1,1,1,1
5237,1391,1,1,0,0,1,1,1
2327,1439,0,1,0,1,1,1,1
4499,4499,0,1,0,1,0,0,1
4661,1391,7,1,0,1,4,1,1
4206,1391,0,1,0,1,1,1,1
2719,1438,0,1,0,1,6,0,1
2923,1438,0,1,0,0,1,1,1
4806,1391,0,1,0,0,2,0,1
3688,1391,0,1,0,1,4,1,1
3273,1391,1,1,0,1,5,1,1
5313,1391,2,1,0,1,3,1,1
5195,1391,1,1,0,1,1,1,1
2712,1438,0,1,0,1,6,1,1
1605,1438,0,1,0,1,1,0,1
5087,1391,3,2,0,1,35,1,1
3249,1391,0,1,0,1,4,1,1
4086,1391,2,1,0,1,22,1,1
1388,1083,0,1,0,1,5,1,1
3183,1438,0,1,0,0,1,1,1
4913,1391,0,1,0,1,10,1,1
166,166,0,0,0,0,0,0,1
4732,1391,0,2,0,1,3,1,1
4672,765,8,1,0,1,5,1,1
4500,1391,0,1,0,1,11,0,1
2373,1438,0,1,0,1,2,0,1
3496,1391,0,1,0,0,1,0,1
4312,1391,0,1,0,1,7,1,1
4548,1391,1,1,0,1,12,1,1
4570,1391,0,1,0,1,11,1,1
4548,1391,0,1,0,0,7,1,1
5043,1390,1,1,0,1,1,1,1
1973,1438,0,1,0,1,9,1,1
3765,1390,0,1,0,1,3,1,1
3204,1438,0,1,0,1,3,1,1
4455,1390,1,1,0,1,2,1,1
4109,1390,0,1,0,1,3,1,1
2083,1438,0,1,0,1,1,0,1
4542,1390,0,1,0,1,2,1,1
4698,739,4,1,0,1,48,1,1
4803,1390,0,0,0,1,4,1,1
2738,1438,0,1,0,0,1,0,1
4764,1390,0,1,0,1,6,1,1
2442,1438,0,1,0,1,3,0,1
5234,1168,1,6,0,0,432,0,1
4812,878,1,6,0,1,36,1,1
4208,1390,0,1,0,1,1,1,1
1162,1161,0,0,0,0,0,0,1
3997,1390,0,1,0,1,1,1,1
2473,1437,0,1,0,1,2,1,1
2830,1437,0,1,0,1,14,1,1
3860,1389,1,1,0,1,14,1,1
5468,1389,0,1,0,0,1,1,1
5121,1102,1,1,0,1,14,1,1
515,515,0,1,0,0,1,0,1
515,515,0,1,0,0,1,0,1
2558,2557,0,0,0,0,0,0,1
2536,1436,0,1,0,1,1,0,1
3002,1436,0,1,0,0,1,1,1
1754,1436,0,1,0,0,1,0,1
522,520,0,0,0,0,0,0,1
2066,1436,0,1,0,1,9,1,1
2558,2557,0,0,0,0,0,0,1
2800,1436,0,1,0,1,12,1,1
3240,1389,1,1,0,1,1,0,1
3698,1389,0,1,0,1,1,1,1
3370,1387,0,1,0,1,3,1,1
1845,1436,0,1,0,1,1,0,1
3868,1389,0,3,0,1,5,1,1
2876,1435,0,1,0,1,7,1,1
4564,1389,0,1,0,1,4,1,1
1844,1435,0,1,0,1,1,0,1
1844,1435,0,1,0,1,1,0,1
1845,1435,0,1,0,1,1,0,1
1844,1435,0,1,0,1,1,0,1
3930,1389,1,1,0,1,13,1,1
1844,1435,0,1,0,1,1,0,1
1845,1435,0,1,0,1,1,0,1
2888,1336,0,2,0,0,58,1,1
4848,1389,0,1,0,1,2,1,1
3809,1388,0,1,0,1,3,1,1
3306,1388,0,1,0,1,9,1,1
988,986,0,0,0,0,0,0,1
44,41,0,0,0,0,0,0,1
42,41,0,0,0,0,0,0,1
44,41,0,0,0,0,0,0,1
988,986,0,0,0,0,0,0,1
4856,1388,1,2,0,1,5,1,1
4106,1388,0,1,0,1,1,1,1
1754,1435,0,1,0,0,1,0,1
242,127,0,1,0,1,2,1,1
3120,1435,0,1,0,1,1,0,1
3876,202,4,2,0,1,17,1,1
5282,1388,14,2,0,1,48,1,1
4542,1388,0,1,0,1,5,1,1
3100,1435,0,1,0,0,3,1,1
3007,1435,0,1,0,1,3,1,1
5285,1388,2,4,0,1,26,1,1
590,581,0,1,0,1,10,1,1
3971,3728,0,0,0,0,0,0,1
3202,1435,3,1,0,1,49,1,1
1162,1161,0,0,0,0,0,0,1
865,14,0,1,0,0,1095,1,1
1162,1161,0,0,0,0,0,0,1
565,14,0,1,0,0,4,1,1
909,908,0,0,0,0,0,0,1
910,908,0,0,0,0,0,0,1
1162,1161,0,0,0,0,0,0,1
3436,1388,0,1,0,1,9,1,1
2019,1248,0,0,0,0,0,0,1
4094,1388,0,1,0,1,14,1,1
4107,1388,0,1,0,0,3,1,1
4504,1435,0,1,0,1,3,0,1
4776,59,0,2,0,1,65,1,1
3552,1388,0,1,0,1,19,1,1
3888,1388,0,1,0,1,1,1,1
3327,1388,0,1,0,1,18,1,1
4900,1388,0,1,0,1,2,1,1
5575,1388,0,1,0,0,2,0,1
2880,1937,0,0,0,0,0,0,1
5333,1388,0,1,0,0,3,1,1
549,518,0,0,0,0,0,0,1
5010,368,9,1,0,1,14,1,1
2447,1435,0,1,0,1,1,0,1
4925,1388,0,1,0,1,5,1,1
4369,1387,0,1,0,1,1,1,1
789,789,0,1,0,1,1,0,1
1162,1161,0,0,0,0,0,0,1
3520,1387,0,1,0,0,1,0,1
2536,1434,0,1,0,1,1,0,1
2558,2557,0,0,0,0,0,0,1
2268,1434,0,1,0,1,15,1,1
4149,1387,0,1,0,1,4,1,1
3415,1387,0,1,0,1,41,1,1
5152,1387,1,1,0,1,17,1,1
2667,1513,0,0,0,0,0,0,1
5545,1387,1,2,0,0,13,1,1
3383,1387,0,1,0,1,1,1,1
4460,1387,0,1,0,1,15,1,1
3586,1387,1,1,0,1,21,1,1
4390,1387,0,1,0,0,2,1,1
3595,1387,0,1,0,0,1,0,1
1901,1434,0,1,0,1,1,0,1
2254,1434,0,1,0,0,13,1,1
4429,1387,0,1,0,1,1,1,1
4432,1213,1,1,0,1,3,1,1
1087,1087,0,0,0,0,0,0,1
4338,1387,0,2,0,1,8,1,1
4457,1387,1,1,0,1,13,1,1
2607,818,0,0,0,0,0,0,1
4017,1387,0,1,0,1,1,1,1
5099,995,6,2,0,1,6,1,1
4101,1387,0,1,0,1,21,1,1
5147,1387,0,1,0,0,19,1,1
1487,518,0,1,0,1,13,1,1
3001,777,0,1,0,1,65,1,1
3983,1387,0,2,0,1,2,1,1
4261,1387,0,1,0,1,41,1,1
4303,1387,0,1,0,1,5,1,1
3685,1387,3,1,0,1,5,1,1
4181,1387,0,2,0,1,3,0,1
2344,1433,0,1,0,0,26,0,1
3738,1387,0,1,0,1,4,1,1
3404,1387,0,1,0,1,1,1,1
2672,2672,0,0,0,0,0,0,1
3584,1387,0,1,0,1,3,0,1
5144,1387,3,2,0,1,19,1,1
4125,1387,0,1,0,1,22,1,1
5017,1387,0,1,0,1,2,1,1
2063,1433,0,1,0,1,2,1,1
5314,1387,0,1,0,1,8,1,1
3510,1387,0,1,0,0,1,0,1
3877,1387,0,1,0,1,9,1,1
3396,131,0,1,0,0,9,1,1
4646,1387,1,1,0,1,1,1,1
516,516,0,1,0,1,1,0,1
3776,1387,0,1,0,1,11,1,1
2649,1433,0,1,0,0,4,1,1
4765,1387,0,1,0,1,2,1,1
3969,1387,0,1,0,1,2,1,1
2016,1432,0,3,0,1,4,1,1
4281,1387,0,1,0,1,9,1,1
4430,1387,0,1,0,1,34,0,1
1659,1432,0,1,0,0,3,1,1
4514,1387,0,1,0,1,15,1,1
4762,1387,0,1,0,1,10,1,1
3664,1387,0,1,0,0,3,0,1
1754,838,0,1,0,1,2,0,1
140,140,0,1,0,1,1,0,1
2985,1432,0,1,0,0,1,0,1
3078,1387,0,1,0,1,1,0,1
3775,1387,0,1,0,1,18,1,1
2558,2557,0,0,0,0,0,0,1
4338,1387,0,1,0,1,2,1,1
3708,1387,2,1,0,1,13,1,1
4532,1387,0,1,0,1,3,1,1
4248,1387,0,2,0,1,3,1,1
3515,1387,0,1,0,0,1,0,1
3515,1387,0,1,0,0,1,0,1
1891,1889,0,0,0,0,0,0,1
4904,11,0,3,0,0,135,1,1
3366,1387,0,1,0,0,1,0,1
4381,1387,1,1,0,1,2,1,1
3277,1387,0,1,0,1,2,1,1
3791,1368,0,1,0,1,3,1,1
3515,1387,0,1,0,0,1,0,1
2558,2557,0,0,0,0,0,0,1
4153,1387,0,3,0,0,8,0,1
4976,174,0,1,0,1,3,1,1
1807,1807,0,0,0,0,0,0,1
4145,1387,0,1,0,1,3,1,1
2809,1432,0,1,0,0,6,0,1
2035,1432,0,1,0,0,1,0,1
3855,1387,0,1,0,0,1,0,1
4865,1387,1,1,0,1,5,1,1
4871,47,19,1,0,1,116,1,1
4313,209,7,1,0,0,13,1,1
4602,1387,0,1,0,1,1,1,1
2804,1432,0,1,0,1,19,0,1
3403,1387,0,1,0,0,1,1,1
3651,1387,0,1,0,1,10,1,1
1162,1161,0,0,0,0,0,0,1
3896,1028,3,4,0,1,5,0,1
2604,1431,0,1,0,1,2,1,1
3366,1387,0,1,0,1,26,1,1
3125,1431,0,1,0,0,1,0,1
1006,132,0,1,0,0,3,0,1
4401,1387,0,1,0,1,16,1,1
4437,1387,0,1,0,1,4,1,1
3646,3029,0,0,0,0,0,0,1
3646,3029,0,0,0,0,0,0,1
2389,1431,0,1,0,1,11,1,1
4468,1387,0,1,0,1,1,1,1
3322,1387,0,1,0,1,3,0,1
5193,1387,31,1,0,1,9,1,1
2066,1431,0,1,0,0,2,1,1
3195,1387,0,2,0,1,33,1,1
2248,1431,0,1,0,0,7,0,1
5143,1386,0,1,0,1,5,1,1
4653,25,6,1,0,1,26,1,1
3344,1386,2,1,0,1,4,1,1
4338,1386,1,3,0,1,5,1,1
3988,1386,3,1,0,1,9,1,1
5155,1386,2,3,0,1,20,1,1
4729,1386,0,1,0,1,1,1,1
3551,1386,0,1,0,1,3,0,1
4742,1386,8,1,0,1,18,1,1
3280,1386,0,1,0,0,1,0,1
4441,1386,1,1,0,1,1,1,1
1779,1645,0,0,0,0,0,0,1
4008,1386,0,2,0,1,47,1,1
517,516,0,0,0,0,0,0,1
4152,1386,1,1,0,1,2,1,1
5156,728,14,1,0,1,8,1,1
5489,157,91,1,0,0,38,1,1
4527,1386,4,1,0,1,36,1,1
4267,1386,1,2,0,1,7,0,1
4247,1386,3,2,0,1,4,1,1
5297,1386,0,1,0,0,2,0,1
4717,1386,0,1,0,1,1,1,1
2802,1431,0,1,0,1,26,1,1
2360,1431,0,1,0,1,1,1,1
1775,1766,0,0,0,0,0,0,1
4930,1386,0,1,0,1,1,1,1
4569,1521,0,0,0,0,0,0,1
4883,1386,0,1,0,1,34,1,1
4733,1386,0,1,0,1,3,1,1
5289,1386,5,1,0,1,15,1,1
3354,1386,0,1,0,1,1,0,1
2738,1430,0,1,0,0,1,0,1
4676,1386,1,1,0,1,20,1,1
5087,1386,2,1,0,1,6,1,1
4789,1386,8,1,0,1,13,1,1
2391,1430,0,1,0,1,1,1,1
3876,204,3,1,0,1,8,1,1
3892,1386,0,1,0,1,2,1,1
4379,1386,0,1,0,1,2,0,1
1162,1161,0,0,0,0,0,0,1
3330,1386,0,1,0,1,12,1,1
2335,1430,0,1,0,1,4,1,1
3178,1430,0,1,0,1,1,1,1
1753,1430,0,1,0,0,1,0,1
4452,1386,0,1,0,1,12,1,1
3107,281,0,1,0,0,2,1,1
5407,1386,0,1,0,0,1,1,1
3084,178,1,1,0,1,41,1,1
4784,1386,0,1,0,1,5,1,1
865,14,0,1,0,0,7,1,1
4074,1386,0,1,0,1,1,1,1
4418,1386,0,1,0,0,1,0,1
4898,424,0,3,0,1,38,1,1
4781,1386,0,1,0,1,1,0,1
5049,1386,0,1,0,1,2,1,1
4275,1386,1,1,0,1,2,1,1
3993,1386,1,1,0,1,32,1,1
4210,1386,1,1,0,1,7,1,1
4322,1386,2,1,0,1,18,1,1
3729,1386,0,1,0,0,1,1,1
2738,2738,0,0,0,0,0,0,1
4730,998,4,1,0,1,2,0,1
3439,1386,0,1,0,1,2,1,1
5083,1386,0,1,0,1,2,1,1
3644,1386,0,1,0,1,3,1,1
4747,1386,1,1,0,1,65,1,1
4793,1362,0,1,0,1,55,1,1
3431,1386,0,1,0,1,7,1,1
3812,1386,0,1,0,1,1,0,1
3210,1386,0,1,0,1,5,1,1
3573,1386,0,1,0,1,11,0,1
3659,1386,0,1,0,0,1,0,1
3193,200,1,2,0,0,19,1,1
5516,1128,34,1,0,1,17,1,1
3989,1386,0,1,0,1,2,1,1
4119,1386,0,1,0,1,2,1,1
5456,1386,1,1,0,0,13,0,1
2822,1429,0,1,0,0,1,0,1
3973,1386,0,1,0,1,5,1,1
3417,1386,1,1,0,1,1,1,1
214,213,0,1,0,0,1,0,1
1532,1531,0,0,0,0,0,0,1
3974,1386,0,1,0,1,3,1,1
4575,1386,0,1,0,1,5,1,1
3515,1386,0,1,0,0,1,0,1
2754,1429,0,1,0,1,14,1,1
3643,1386,1,1,0,1,34,0,1
3008,1429,0,1,0,1,1,1,1
4249,736,0,1,0,1,58,1,1
1870,65,0,13,0,1,90,1,1
4533,721,21,10,0,1,19,1,1
3969,1386,0,1,0,1,9,1,1
3483,201,2,1,0,1,121,1,1
2089,1429,0,1,0,0,1,0,1
1004,1004,0,0,0,0,0,0,1
1004,1004,0,0,0,0,0,0,1
5240,342,1,1,0,1,4,1,1
4405,1386,0,1,0,1,5,1,1
3404,1386,0,1,0,0,1,0,1
2447,1429,0,1,0,1,1,0,1
2094,1429,0,1,0,0,1,0,1
1845,1429,0,1,0,1,1,0,1
2409,1429,0,1,0,0,1,1,1
4673,1386,0,1,0,1,2,1,1
2701,1429,0,1,0,0,1,0,1
3515,1386,0,1,0,0,1,0,1
4451,1386,0,1,0,1,2,1,1
2005,2005,0,0,0,0,0,0,1
4425,1386,0,1,0,1,5,1,1
4819,204,14,2,0,1,33,1,1
2376,1428,0,1,0,0,1,1,1
1090,1088,0,0,0,0,0,0,1
4325,1386,0,1,0,1,9,1,1
3775,1386,0,1,0,0,14,1,1
1405,1404,0,0,0,0,0,0,1
1560,1560,0,0,0,0,0,0,1
4540,9,2,31,0,1,77,1,1
4135,1386,1,1,0,1,3,1,1
4697,1386,0,1,0,1,2,1,1
2447,1428,0,1,0,1,1,0,1
3804,1386,0,1,0,1,5,1,1
3974,1386,0,2,0,1,3,1,1
2447,1428,0,1,0,1,1,0,1
4142,1386,1,1,0,1,1,1,1
2558,2557,0,0,0,0,0,0,1
5431,530,56,1,0,1,18,1,1
2180,78,0,1,0,1,1,0,1
2664,1428,0,1,0,1,3,1,1
4514,1386,0,1,0,1,4,1,1
3589,1386,0,1,0,1,4,0,1
4375,1386,1,1,0,1,14,1,1
2695,1428,0,1,0,0,1,0,1
3159,1386,0,1,0,1,2,1,1
4298,1386,1,1,0,1,8,1,1
3711,1386,0,1,0,0,1,0,1
4289,1386,0,1,0,1,4,1,1
2048,1681,0,0,0,0,0,0,1
4330,1612,0,0,0,0,0,0,1
2292,728,0,1,0,1,116,0,1
2558,2557,0,0,0,0,0,0,1
4711,1386,0,0,0,1,1,1,1
3645,1386,0,1,0,1,1,1,1
4711,1386,1,1,0,1,2,0,1
514,514,0,0,0,0,0,0,1
1410,1353,0,0,0,0,0,0,1
4971,156,3,2,0,1,52,1,1
4206,1386,0,2,0,0,1,1,1
4258,1386,0,1,0,0,1,1,1
4983,1386,1,1,0,1,6,1,1
3644,1386,0,1,0,0,4,0,1
4495,1386,0,1,0,1,1,1,1
3381,1386,0,1,0,1,4,1,1
2687,1427,0,1,0,0,1,0,1
5219,1386,1,1,0,1,5,1,1
1162,1161,0,0,0,0,0,0,1
1905,1904,0,0,0,0,0,0,1
4539,1386,1,1,0,0,5,0,1
3353,1386,0,1,0,1,22,1,1
3630,1386,0,1,0,1,3,1,1
4029,413,0,1,0,1,13,1,1
4411,1386,0,1,0,1,1,0,1
5031,1386,1,1,0,1,8,1,1
4266,153,0,1,0,1,2,1,1
3297,1386,0,1,0,0,1,0,1
4548,1386,0,1,0,1,3,1,1
3924,374,1,1,0,1,18,1,1
4272,1386,0,3,0,1,1,1,1
3721,1386,0,1,0,1,3,0,1
3047,1427,0,2,0,1,5,1,1
5362,1385,0,1,0,0,2,1,1
3323,1385,0,1,0,1,2,1,1
4503,1385,1,1,0,1,9,1,1
2091,1427,0,1,0,1,1,0,1
2558,2557,0,0,0,0,0,0,1
5073,1385,0,1,0,1,7,1,1
1162,1161,0,0,0,0,0,0,1
3558,1385,0,1,0,1,8,0,1
3659,1385,0,1,0,0,1,0,1
5165,1385,3,1,0,0,15,1,1
2558,2557,0,0,0,0,0,0,1
3650,1385,0,1,0,1,1,1,1
4882,1385,0,1,0,1,2,1,1
3763,1385,0,1,0,1,1,1,1
2558,2557,0,0,0,0,0,0,1
2558,2557,0,0,0,0,0,0,1
2558,2557,0,0,0,0,0,0,1
2057,1427,0,1,0,0,1,0,1
4615,1385,1,2,0,1,6,1,1
2150,1427,0,1,0,1,14,1,1
2056,1427,0,1,0,1,11,1,1
4482,19,3,2,0,1,432,1,1
3874,1385,0,1,0,0,2,0,1
1186,1186,0,1,0,1,3,0,1
4613,1385,0,1,0,1,15,1,1
5330,1385,0,1,0,1,6,1,1
3334,1385,0,1,0,1,4,1,1
3249,1385,0,1,0,1,13,1,1
1809,1025,0,1,0,1,25,0,1
915,914,0,0,0,0,0,0,1
3876,1385,0,1,0,1,4,0,1
3996,1385,0,1,0,0,2,0,1
3800,1385,1,1,0,1,9,1,1
3724,1385,0,1,0,1,2,0,1
3109,1426,1,1,0,1,5,1,1
3532,1385,0,1,0,1,13,1,1
2729,1426,0,1,0,0,1,0,1
5570,699,487,3,0,0,65,1,1
1439,1439,0,1,0,0,1,0,1
4202,2153,0,0,0,0,0,0,1
4534,1385,0,1,0,1,1,1,1
4925,897,0,1,0,1,4,1,1
4630,1384,0,2,0,1,5,1,1
4139,1384,0,1,0,1,2,1,1
4123,1384,0,1,0,1,12,1,1
4868,1384,0,1,0,1,1,1,1
5402,1384,0,3,0,1,61,1,1
3631,1384,0,1,0,1,1,1,1
5310,1384,0,1,0,1,8,1,1
4297,1384,0,1,0,1,3,1,1
3734,2114,0,0,0,0,0,0,1
2210,2205,0,0,0,0,0,0,1
3550,60,15,3,0,0,111,1,1
3090,201,0,1,0,1,73,1,1
3342,58,8,1,0,1,131,1,1
3240,201,0,1,0,0,49,1,1
4521,1384,1,1,0,1,2,1,1
4344,1384,1,1,0,1,2,1,1
4769,1384,1,1,0,1,8,1,1
5241,1384,0,1,0,1,2,1,1
2405,2047,0,0,0,0,0,0,1
4508,1384,0,1,0,1,3,1,1
529,528,0,0,0,0,0,0,1
2449,1425,0,1,0,1,15,0,1
4425,601,33,12,0,1,75,1,1
4194,1384,0,1,0,1,3,1,1
3427,1383,0,1,0,1,4,1,1
4760,1383,0,1,0,1,3,1,1
4529,1383,1,1,0,1,2,1,1
3448,1383,0,1,0,0,1,1,1
3646,1383,0,1,0,1,1,1,1
3717,517,0,1,0,1,15,0,1
536,534,0,0,0,0,0,0,1
3283,1383,0,1,0,0,1,0,1
4044,4044,0,0,0,0,0,0,1
5421,877,0,1,0,0,7,1,1
2752,1425,0,1,0,1,1,1,1
4952,1383,4,1,0,1,2,1,1
4431,1383,1,1,0,1,1,0,1
4569,1383,1,1,0,1,5,0,1
4935,1383,0,1,0,1,1,1,1
2893,1425,0,1,0,1,13,0,1
4957,66,36,3,0,1,103,1,1
4443,1383,0,5,0,1,12,1,1
4100,1383,0,1,0,1,3,1,1
3460,1383,0,1,0,1,5,1,1
3981,1383,0,1,0,0,1,0,1
1951,1425,0,1,0,0,2,0,1
3709,1383,24,1,0,1,20,1,1
370,370,0,0,0,0,0,0,1
5354,8,0,8,0,0,2491,1,1
4086,1383,1,2,0,1,16,1,1
2726,1424,0,1,0,1,2,1,1
2770,1424,1,1,0,1,14,1,1
4212,493,0,1,0,1,23,0,1
4102,1383,0,1,0,1,8,1,1
5298,1383,1,1,0,0,11,1,1
3645,1383,0,1,0,1,4,1,1
3225,1383,0,1,0,1,4,1,1
3341,1383,0,1,0,1,3,1,1
4270,1383,1,1,0,1,9,1,1
4231,1383,0,1,0,1,2,1,1
2712,1424,0,1,0,1,1,1,1
3687,1383,0,1,0,1,1,1,1
2558,2557,0,0,0,0,0,0,1
2447,1424,0,1,0,1,1,0,1
1753,1424,0,1,0,0,1,0,1
1753,1424,0,1,0,0,1,0,1
2839,279,0,8,0,1,4,1,1
4952,1383,0,1,0,1,5,1,1
3170,1383,0,1,0,1,1,0,1
2558,2557,0,0,0,0,0,0,1
2558,2557,0,0,0,0,0,0,1
3899,1383,0,1,0,1,2,1,1
5266,1383,0,1,0,0,7,1,1
3655,1416,0,0,0,0,0,0,1
5299,7,1,1,1,0,613,0,1
3226,1382,0,1,0,1,5,1,1
3894,1382,0,1,0,1,1,1,1
3926,1382,0,1,0,1,1,1,1
2558,2557,0,0,0,0,0,0,1
5409,1382,0,1,0,1,7,1,1
2960,1424,0,1,0,1,4,1,1
696,14,0,1,0,0,2,0,1
3100,1382,0,1,0,0,1,0,1
1511,978,0,2,0,1,1,0,1
4383,1382,121,1,0,1,22,1,1
5227,1382,0,1,0,1,6,1,1
4786,1382,0,1,0,1,2,1,1
3621,1382,0,1,0,1,20,1,1
3638,1382,0,1,0,0,1,0,1
3045,1382,0,1,0,1,1,1,1
2667,1424,0,1,0,0,3,0,1
4927,1382,0,1,0,1,1,0,1
4911,1382,3,1,0,1,8,1,1
4042,1127,3,1,0,1,10,1,1
4021,1382,0,1,0,1,5,1,1
5308,1382,0,1,0,0,3,1,1
5161,969,0,1,0,0,7,1,1
4700,1382,3,1,0,1,6,1,1
1987,1424,0,1,0,0,1,0,1
4056,1382,0,1,0,1,2,1,1
2327,2327,0,0,0,0,0,0,1
3848,1382,0,1,0,0,1,0,1
4924,22,28,10,0,0,249,1,1
2188,1424,0,1,0,1,3,1,1
3153,1424,0,1,0,1,6,0,1
5277,1382,12,1,0,0,17,1,1
5005,1382,0,1,0,1,1,1,1
2697,1424,0,1,0,1,16,1,1
5393,1051,88,3,0,1,4,1,1
362,359,0,0,0,0,0,0,1
1531,1424,0,1,0,0,9,0,1
4504,1382,1,1,0,1,4,1,1
515,514,0,0,0,0,0,0,1
2844,1424,0,1,0,1,2,1,1
3768,1382,0,1,0,0,2,0,1
5585,31,175,1,0,1,246,1,1
3230,1382,0,1,0,1,2,1,1
3806,1381,0,1,0,1,2,1,1
5096,1381,0,1,0,1,5,1,1
1162,1161,0,0,0,0,0,0,1
4440,1381,0,1,0,0,8,0,1
3683,1381,0,1,0,1,1,0,1
2560,1423,0,1,0,1,8,1,1
4586,1381,0,1,0,1,7,1,1
5006,76,0,3,0,0,27,1,1
3515,1381,0,1,0,0,1,0,1
4320,1381,2,1,0,1,34,0,1
4136,1381,6,1,0,1,4,1,1
2558,2557,0,0,0,0,0,0,1
1162,1161,0,0,0,0,0,0,1
506,503,0,0,0,0,0,0,1
3629,3629,0,0,0,0,0,0,1
1795,1423,0,1,0,0,3,0,1
1966,1423,0,1,0,1,1,0,1
2783,1423,0,1,0,1,4,1,1
3736,1381,0,1,0,1,2,1,1
3324,3324,0,0,0,0,0,0,1
4814,1381,0,1,0,1,2,1,1
4054,1381,1,1,0,1,25,1,1
5444,1381,7,1,0,1,23,1,1
2558,2557,0,0,0,0,0,0,1
4027,1381,0,1,0,1,1,1,1
4196,1381,0,1,0,1,1,1,1
5464,306,126,5,0,1,20,1,1
4341,1381,1,1,0,1,14,1,1
3553,1381,0,1,0,1,7,1,1
5497,1044,156,5,0,1,38,1,1
1180,1015,0,1,0,0,4,1,1
3697,3697,0,0,0,0,0,0,1
3614,1381,0,1,0,1,1,1,1
2558,2557,0,0,0,0,0,0,1
2558,2557,0,0,0,0,0,0,1
3840,1381,0,1,0,1,1,1,1
2558,2557,0,0,0,0,0,0,1
2558,2557,0,0,0,0,0,0,1
2558,2557,0,0,0,0,0,0,1
3942,1381,3,2,0,1,7,1,1
4025,1381,0,1,0,0,1,0,1
2558,2557,0,0,0,0,0,0,1
3163,1380,0,1,0,1,1,0,1
1971,1423,0,1,0,0,1,0,1
4986,1380,2,2,0,1,14,1,1
3878,1380,0,1,0,1,5,1,1
4944,1380,1,1,0,1,2,1,1
1797,1423,0,1,0,0,1,0,1
3072,1423,0,1,0,0,3,1,1
5582,171,419,2,0,1,76,1,1
5436,1380,0,1,0,0,12,1,1
3086,1138,0,1,0,1,8,1,1
1862,1862,0,0,0,0,0,0,1
5535,1380,0,2,0,0,6,0,1
5469,1380,41,2,0,1,5,1,1
3103,1422,0,1,0,1,41,1,1
5055,1380,3,1,0,0,5,0,1
4383,1380,0,1,0,1,4,0,1
5345,220,3,7,0,1,176,1,1
2558,2557,0,0,0,0,0,0,1
3423,1380,0,1,0,1,1,1,1
4860,1380,1,1,0,1,1,1,1
2909,1422,0,1,0,0,1,1,1
3629,1380,0,1,0,1,7,0,1
3828,1380,0,1,0,1,1,1,1
2822,1422,0,1,0,1,2,1,1
1740,333,0,1,0,0,192,1,1
4436,1380,1,1,0,1,20,1,1
3175,1380,0,1,0,0,3,1,1
2924,1333,0,0,0,0,0,0,1
4991,408,77,9,0,0,48,1,1
3891,1380,0,1,0,0,1,0,1
3258,1356,0,0,0,0,0,0,1
5430,1380,0,1,0,0,1,1,1
2558,2557,0,0,0,0,0,0,1
3312,1380,0,1,0,0,1,0,1
3949,14,0,1,0,0,4,1,1
3034,200,0,1,0,0,30,1,1
4022,420,1,1,0,1,2,1,1
2558,2557,0,0,0,0,0,0,1
3080,1422,1,1,0,1,8,1,1
3108,896,0,1,0,1,9,1,1
1855,1422,0,1,0,0,1,0,1
4060,1379,0,1,0,1,7,1,1
3395,1379,0,1,0,1,1,1,1
2544,1422,0,1,0,1,11,0,1
3398,1379,2,1,0,1,212,1,1
3193,200,2,1,0,0,36,1,1
3179,193,0,2,0,1,170,1,1
3659,14,0,3,0,0,4,1,1
3615,14,0,3,0,0,11,1,1
3643,14,0,2,0,0,11,1,1
2991,1422,0,1,0,0,1,0,1
2908,1422,0,1,0,0,1,0,1
3098,1379,0,1,0,1,1,1,1
2558,2557,0,0,0,0,0,0,1
2149,1421,0,1,0,1,24,1,1
2897,1421,0,1,0,1,2,1,1
3257,1356,0,0,0,0,0,0,1
3954,1379,0,1,0,1,4,0,1
2455,1421,0,1,0,0,1,1,1
4038,1379,0,1,0,1,15,1,1
3206,1379,0,1,0,1,2,1,1
1761,1421,0,1,0,1,12,1,1
1162,1161,0,0,0,0,0,0,1
5275,8,869,2,0,0,2762,1,1
3078,1379,0,1,0,1,1,0,1
3092,1421,0,1,0,1,4,1,1
3044,335,1,1,0,1,2,1,1
4145,1379,0,1,0,1,2,1,1
4048,1379,0,1,0,0,1,0,1
3709,1379,0,1,0,0,2,1,1
3370,1379,0,1,0,1,1,0,1
1916,1730,0,0,0,0,0,0,1
4432,4423,0,0,0,0,0,0,1
3947,1379,0,1,0,1,1,1,1
2558,2557,0,0,0,0,0,0,1
2447,1421,0,1,0,1,1,0,1
3381,1379,0,1,0,0,1,0,1
2558,2557,0,0,0,0,0,0,1
3693,1379,0,1,0,1,4,1,1
5159,1236,0,3,0,1,2,0,1
4568,1379,0,1,0,1,1,1,1
3405,945,1,2,0,1,29,1,1
3928,1379,1,1,0,1,4,1,1
5365,1379,6,4,0,1,14,1,1
3143,1379,0,1,0,1,2,1,1
3799,1379,0,1,0,1,13,1,1
3785,1379,0,4,0,0,70,1,1
2960,2378,0,0,0,0,0,0,1
3651,1379,0,1,0,1,2,0,1
4641,1379,4,1,0,1,7,1,1
932,930,0,0,0,0,0,0,1
3290,1379,0,1,0,0,1,0,1
1162,1161,0,0,0,0,0,0,1
2674,1421,0,1,0,1,14,1,1
4447,1379,0,1,0,1,6,0,1
5031,1379,4,1,0,1,8,1,1
4525,1379,2,1,0,1,4,1,1
4234,1379,0,1,0,1,2,1,1
4032,1379,0,1,0,1,1,1,1
5159,1379,0,1,0,1,25,1,1
4104,432,3,1,0,1,56,1,1
2348,1421,0,1,0,1,5,1,1
1432,859,0,0,0,0,0,0,1
2807,1420,0,1,0,1,1,0,1
4056,1379,0,1,0,1,1,0,1
3212,1109,1,2,0,1,47,1,1
4012,1379,0,1,0,1,44,1,1
514,513,0,0,0,0,0,0,1
4861,1379,0,1,0,1,14,1,1
4650,1379,0,1,0,1,2,1,1
2938,1420,0,1,0,1,6,1,1
583,583,0,0,0,0,0,0,1
527,524,0,0,0,0,0,0,1
525,523,0,0,0,0,0,0,1
516,514,0,0,0,0,0,0,1
5522,1379,0,1,0,0,8,1,1
2558,2557,0,0,0,0,0,0,1
1162,1161,0,0,0,0,0,0,1
5312,1361,0,1,0,1,18,1,1
2893,1420,0,1,0,1,2,1,1
4356,1379,0,1,0,1,10,1,1
3251,1379,0,1,0,1,5,1,1
2225,1420,0,1,0,1,4,1,1
3845,1379,0,1,0,1,9,1,1
3095,1379,0,1,0,1,3,1,1
4813,1379,0,1,0,1,25,1,1
1898,1420,0,1,0,1,3,1,1
3296,1379,0,1,0,1,1,1,1
1397,1397,0,1,0,0,1,0,1
1153,1153,0,1,0,1,1,1,1
205,195,0,0,0,0,0,0,1
593,200,0,0,0,0,0,0,1
2081,195,0,0,0,0,0,0,1
3284,1379,0,1,0,1,12,1,1
3085,1420,0,1,0,1,1,1,1
5196,908,3,1,0,1,3,1,1
4206,1379,0,1,0,0,108,1,1
2001,1420,0,1,0,0,1,0,1
4318,1379,0,1,0,0,2,0,1
4415,1379,0,1,0,1,5,1,1
2558,2557,0,0,0,0,0,0,1
4288,1379,0,1,0,0,4,1,1
4222,1379,0,1,0,1,4,1,1
3183,1419,0,1,0,1,2,1,1
3191,1419,0,1,0,1,2,1,1
3607,1379,0,1,0,1,46,1,1
1566,1293,0,0,0,0,0,0,1
1162,1161,0,0,0,0,0,0,1
2765,1419,0,1,0,1,6,1,1
4090,1379,0,1,0,1,4,1,1
4980,1379,0,1,0,1,1,1,1
2851,1379,0,1,0,1,1,1,1
3305,1379,0,1,0,1,2,1,1
2484,1064,0,1,0,1,14,1,1
4726,597,2,1,0,1,12,1,1
3147,1419,0,1,0,1,13,0,1
3954,1352,0,0,0,0,0,0,1
3600,1089,1,1,0,1,2,1,1
935,933,0,0,0,0,0,0,1
1907,1419,0,1,0,1,5,1,1
3816,1379,0,1,0,1,33,1,1
3646,3029,0,0,0,0,0,0,1
4644,1379,0,1,0,1,4,1,1
3728,204,1,1,0,1,5,1,1
3635,1379,1,1,0,1,3,0,1
3388,1379,0,1,0,1,3,1,1
3579,1379,0,1,0,0,1,0,1
4557,1379,0,1,0,0,2,1,1
3473,1379,0,1,0,1,37,1,1
3844,54,2,1,0,1,15,1,1
4580,1379,0,3,0,1,2,1,1
2082,1418,0,1,0,1,2,0,1
3894,1379,0,1,0,1,9,1,1
4873,1379,5,1,0,1,9,1,1
5121,1362,1,1,0,1,109,1,1
4317,1379,0,1,0,0,1,1,1
4033,1379,0,1,0,0,1,0,1
2216,1418,0,2,0,0,1,0,1
3294,1379,0,1,0,1,5,1,1
2558,2557,0,0,0,0,0,0,1
2558,2557,0,0,0,0,0,0,1
2558,2557,0,0,0,0,0,0,1
3682,1379,1,1,0,1,2,1,1
2558,2557,0,0,0,0,0,0,1
2558,2557,0,0,0,0,0,0,1
4044,1379,7,1,0,0,1,0,1
4499,1379,3,1,0,1,6,1,1
2558,2557,0,0,0,0,0,0,1
524,523,0,0,0,0,0,0,1
5135,1378,0,1,0,1,1,1,1
3900,1378,0,1,0,1,3,1,1
4357,1378,0,1,0,1,1,1,1
4046,1378,0,2,0,1,7,1,1
4966,1378,79,1,0,1,20,1,1
1971,1418,0,1,0,1,2,0,1
3954,1378,2,1,0,1,1,1,1
5139,1378,2,1,0,1,7,1,1
4492,1378,0,1,0,1,31,1,1
5540,885,24,3,0,1,66,1,1
1003,1000,0,0,0,0,0,0,1
2238,1418,0,1,0,1,2,0,1
4794,1378,0,1,0,1,1,1,1
5495,478,6,2,0,1,20,1,1
2998,1418,0,1,0,0,1,1,1
5232,1378,0,1,0,1,3,1,1
1162,1161,0,0,0,0,0,0,1
4801,1378,0,1,0,1,5,0,1
4940,648,12,1,0,1,3,1,1
2240,1418,0,1,0,1,5,1,1
1047,1046,0,1,0,0,2,0,1
4501,38,14,1,0,1,22,1,1
1980,1418,0,1,0,0,1,1,1
1798,1418,0,1,0,1,1,1,1
1855,1417,0,1,0,1,2,1,1
1162,1161,0,0,0,0,0,0,1
1388,1388,0,1,0,0,1,0,1
2356,1417,0,1,0,1,15,1,1
4565,1378,0,1,0,1,2,1,1
910,908,0,0,0,0,0,0,1
1855,1417,0,1,0,1,5,1,1
2249,1417,0,1,0,1,2,1,1
4313,209,18,1,0,0,54,1,1
3050,101,1,1,0,1,15,1,1
4696,12,1,2,0,1,127,1,1
4970,1378,2,1,0,1,2,1,1
2686,1417,0,1,0,1,3,1,1
3940,22,0,2,0,1,57,1,1
312,21,0,1,0,1,17,1,1
2627,1417,0,1,0,0,5,0,1
3183,1378,0,1,0,1,2,1,1
1740,428,0,1,0,1,3,1,1
4249,1378,0,1,0,1,16,1,1
5504,1378,18,1,0,1,18,1,1
3604,1378,0,1,0,1,20,1,1
934,933,0,0,0,0,0,0,1
2165,1026,0,0,0,0,0,0,1
1723,1417,0,1,0,1,4,1,1
3382,1378,0,1,0,0,1,0,1
1924,1417,0,1,0,0,1,0,1
4569,1378,0,1,0,0,1,0,1
2633,1417,0,1,0,1,14,1,1
2991,1417,1,1,0,1,1,1,1
5404,1378,0,1,0,1,19,1,1
1162,1161,0,0,0,0,0,0,1
1162,1161,0,0,0,0,0,0,1
5463,44,71,1,0,1,434,1,1
2964,1417,0,1,0,1,3,1,1
3968,1378,0,1,0,1,2,1,1
4331,334,0,2,0,1,7,1,1
2563,1417,0,1,0,1,3,0,1
527,524,0,0,0,0,0,0,1
1162,1161,0,0,0,0,0,0,1
3984,1378,0,1,0,1,5,1,1
3800,3800,0,0,0,0,0,0,1
5023,478,98,1,0,1,29,1,1
3247,1378,0,1,0,1,9,1,1
4244,1378,0,1,0,1,3,1,1
5230,1378,3,1,0,1,1,1,1
3658,1378,0,1,0,1,1,0,1
4638,300,0,2,0,1,1,0,1
5329,174,47,1,0,1,38,1,1
4149,1378,0,1,0,1,118,1,1
5434,1378,0,1,0,0,3,1,1
2415,1374,0,1,0,1,12,1,1
1162,1161,0,0,0,0,0,0,1
1162,1161,0,0,0,0,0,0,1
1162,1161,0,0,0,0,0,0,1
1162,1161,0,0,0,0,0,0,1
1162,1161,0,0,0,0,0,0,1
1162,1161,0,0,0,0,0,0,1
2853,1414,0,1,0,1,3,1,1
4549,1378,0,1,0,1,1,1,1
2386,174,0,2,0,1,98,1,1
4659,1378,0,1,0,1,5,1,1
4951,529,5,1,0,1,33,1,1
3167,1414,0,1,0,0,1,1,1
2820,1414,0,1,0,1,6,1,1
5295,1378,2,1,0,1,4,1,1
3534,790,1,1,0,1,11,1,1
3800,3800,0,0,0,0,0,0,1
2947,48,0,1,0,1,35,1,1
2105,450,0,1,0,1,44,1,1
2987,1414,0,1,0,1,3,0,1
1162,1161,0,0,0,0,0,0,1
3695,1377,0,1,0,1,9,1,1
4801,856,4,4,0,1,29,1,1
5100,1377,0,1,0,1,3,0,1
4205,1377,0,1,0,0,10,1,1
2370,1414,0,1,0,1,6,1,1
1855,1414,0,1,0,0,1,0,1
1770,1768,0,0,0,0,0,0,1
3642,1377,0,1,0,0,1,0,1
3166,1377,0,1,0,1,1,0,1
1753,1414,0,1,0,0,1,0,1
1162,1161,0,0,0,0,0,0,1
257,82,0,0,0,0,0,0,1
3945,1377,0,1,0,1,8,1,1
4610,173,18,1,0,0,3,0,1
4858,998,9,1,0,1,6,1,1
4945,1377,0,1,0,1,1,1,1
3365,329,0,1,0,1,26,1,1
4123,415,1,1,0,1,25,1,1
3348,1377,0,1,0,1,2,1,1
3707,58,0,1,0,1,29,1,1
2216,1414,0,1,0,0,1,0,1
2350,1315,0,1,0,1,10,1,1
4426,1377,0,1,0,1,2,1,1
2278,1414,0,1,0,1,4,0,1
3735,1377,0,1,0,1,4,1,1
4250,1377,0,1,0,1,5,1,1
5274,1377,1,1,0,0,1,1,1
2976,1413,0,1,0,1,1,1,1
4979,1377,0,2,0,1,13,1,1
4698,530,5,1,0,1,3,1,1
4979,1377,0,1,0,1,1,1,1
3739,1377,0,1,0,1,4,1,1
3727,1377,0,1,0,1,1,1,1
3942,24,0,1,0,1,134,1,1
4162,1377,1,1,0,1,3,1,1
4350,1377,0,1,0,1,4,1,1
4560,1377,0,1,0,1,1,1,1
1753,1413,0,1,0,0,1,0,1
3377,1377,0,1,0,1,8,0,1
2864,1413,0,1,0,1,450,0,1
3890,1377,0,1,0,1,1,1,1
2217,2216,0,0,0,0,0,0,1
5255,1377,0,1,0,0,4,1,1
4170,1377,0,1,0,1,3,1,1
3298,1377,0,1,0,0,1,0,1
4389,1377,0,1,0,1,4,1,1
3512,1377,0,1,0,1,3,1,1
4951,449,2,1,0,1,15,1,1
2793,1413,0,1,0,1,5,0,1
1465,21,0,4,0,1,18,1,1
1162,1161,0,0,0,0,0,0,1
5170,1377,0,1,0,0,1,1,1
2862,1413,0,1,0,1,6,1,1
4169,1377,1,1,0,1,19,1,1
3341,1377,0,1,0,1,3,0,1
4502,10,277,2,0,0,565,1,1
3040,1413,0,1,0,1,3,0,1
3037,1412,0,1,0,1,12,1,1
2924,1412,0,1,0,1,1,0,1
3693,1038,12,3,0,1,241,1,1
4988,363,0,1,0,0,21,1,1
5219,1377,0,1,0,1,13,1,1
2887,1412,0,1,0,0,2,0,1
3621,1377,1,1,0,1,2,1,1
2676,1412,0,1,0,0,6,1,1
2558,2557,0,0,0,0,0,0,1
1823,1820,0,0,0,0,0,0,1
4952,161,12,1,0,0,3,1,1
327,327,0,1,0,1,2,0,1
2404,1412,0,1,0,0,3,0,1
2558,2557,0,0,0,0,0,0,1
2558,2557,0,0,0,0,0,0,1
2344,1412,0,1,0,1,1,0,1
2558,2557,0,0,0,0,0,0,1
2906,1412,0,1,0,0,3,0,1
2558,2557,0,0,0,0,0,0,1
3901,1376,1,1,0,1,8,1,1
3628,1376,0,1,0,1,6,1,1
2558,2557,0,0,0,0,0,0,1
2558,2557,0,0,0,0,0,0,1
3860,3442,0,0,0,0,0,0,1
2558,2557,0,0,0,0,0,0,1
4225,1376,0,1,0,1,3,1,1
3482,1376,0,1,0,0,1,0,1
2490,1412,0,1,0,1,11,1,1
313,313,0,0,0,0,0,0,1
1647,1412,0,1,0,1,6,1,1
4345,1130,0,1,0,1,38,1,1
2783,1412,0,1,0,0,1,0,1
2515,1412,0,1,0,0,1,0,1
5424,999,13,1,0,1,4,1,1
3882,44,4,1,0,1,22,1,1
4418,999,1,1,0,1,9,1,1
4078,1376,0,1,0,1,22,1,1
5511,1376,2,1,0,1,5,1,1
1686,1411,0,1,0,0,1,0,1
3642,1376,0,1,0,0,1,0,1
5473,1376,0,1,0,1,6,1,1
3183,1376,0,1,0,1,1,0,1
2280,1411,0,1,0,1,1,1,1
5250,1376,1,2,0,0,2,0,1
3791,1376,0,1,0,0,1,0,1
4124,686,1,1,0,1,9,1,1
4693,1376,5,1,0,1,2,1,1
3932,1376,0,1,0,1,18,1,1
3634,1376,3,1,0,1,52,1,1
4052,1376,1,1,0,1,28,1,1
5065,999,46,1,0,1,17,1,1
4727,1376,0,1,0,1,11,1,1
1162,1161,0,0,0,0,0,0,1
1162,1161,0,0,0,0,0,0,1
1752,1411,0,1,0,0,1,0,1
4460,1376,1,2,0,1,14,1,1
4357,1376,0,3,0,1,26,1,1
2487,1411,0,1,0,1,53,1,1
1162,1161,0,0,0,0,0,0,1
1162,1161,0,0,0,0,0,0,1
1162,1161,0,0,0,0,0,0,1
1162,1161,0,0,0,0,0,0,1
1162,1161,0,0,0,0,0,0,1
1162,1161,0,0,0,0,0,0,1
1162,1161,0,0,0,0,0,0,1
3420,1376,0,1,0,1,9,1,1
2558,2557,0,0,0,0,0,0,1
3126,1411,0,1,0,1,6,1,1
1162,1161,0,0,0,0,0,0,1
1162,1161,0,0,0,0,0,0,1
1162,1161,0,0,0,0,0,0,1
1162,1161,0,0,0,0,0,0,1
1162,1161,0,0,0,0,0,0,1
1162,1161,0,0,0,0,0,0,1
1162,1161,0,0,0,0,0,0,1
4418,1376,0,1,0,1,2,1,1
1162,1161,0,0,0,0,0,0,1
1162,1161,0,0,0,0,0,0,1
3987,1376,1,2,0,1,6,1,1
3318,1376,0,1,0,0,1,0,1
2558,2557,0,0,0,0,0,0,1
4188,1376,0,1,0,1,6,1,1
1162,1161,0,0,0,0,0,0,1
5084,1376,2,1,0,1,18,1,1
3127,132,0,3,0,0,12,1,1
3494,23,2,8,0,1,201,1,1
3494,23,0,7,0,1,201,1,1
3068,32,0,7,0,1,85,1,1
3494,23,0,7,0,1,199,1,1
3034,25,0,1,0,0,54,0,1
